State_Name,District_Name,Crop_Year,Season,Area,Production
Andaman and Nicobar Islands,NICOBARS,2010,Autumn     ,3.5,10.0
Andaman and Nicobar Islands,NORTH AND MIDDLE ANDAMAN,2010,Autumn     ,6791.0,20118.0
Andaman and Nicobar Islands,SOUTH ANDAMANS,2010,Autumn     ,1595.5,3788.0
Andhra Pradesh,ANANTAPUR,2010,Kharif     ,34973.0,102007.0
Andhra Pradesh,ANANTAPUR,2010,Rabi       ,24828.0,69394.0
Andhra Pradesh,ANANTAPUR,2011,Kharif     ,37720.0,94531.0
Andhra Pradesh,ANANTAPUR,2011,Rabi       ,10948.0,25542.0
Andhra Pradesh,ANANTAPUR,2012,Kharif     ,22056.0,58691.0
Andhra Pradesh,ANANTAPUR,2012,Rabi       ,6998.0,17768.0
Andhra Pradesh,ANANTAPUR,2013,Kharif     ,28114.0,59377.0
Andhra Pradesh,ANANTAPUR,2013,Rabi       ,12283.0,28558.0
Andhra Pradesh,ANANTAPUR,2014,Kharif     ,22658.0,68155.0
Andhra Pradesh,ANANTAPUR,2014,Rabi       ,6553.0,14377.0
Andhra Pradesh,ANANTAPUR,2014,Whole Year ,29211.0,82532.0
Andhra Pradesh,CHITTOOR,2010,Kharif     ,18019.0,53639.0
Andhra Pradesh,CHITTOOR,2010,Rabi       ,43558.0,131502.0
Andhra Pradesh,CHITTOOR,2011,Kharif     ,17342.0,55719.0
Andhra Pradesh,CHITTOOR,2011,Rabi       ,33764.0,113211.0
Andhra Pradesh,CHITTOOR,2012,Kharif     ,12952.0,45241.0
Andhra Pradesh,CHITTOOR,2012,Rabi       ,34557.0,126168.0
Andhra Pradesh,CHITTOOR,2013,Kharif     ,15206.0,48766.0
Andhra Pradesh,CHITTOOR,2013,Rabi       ,34654.0,120249.0
Andhra Pradesh,CHITTOOR,2014,Kharif     ,13304.0,44462.0
Andhra Pradesh,CHITTOOR,2014,Rabi       ,27661.0,87962.0
Andhra Pradesh,CHITTOOR,2014,Whole Year ,40965.0,132424.0
Andhra Pradesh,EAST GODAVARI,2010,Kharif     ,237640.0,457704.0
Andhra Pradesh,EAST GODAVARI,2010,Rabi       ,172888.0,849917.0
Andhra Pradesh,EAST GODAVARI,2011,Kharif     ,197445.0,589741.0
Andhra Pradesh,EAST GODAVARI,2011,Rabi       ,139649.0,587084.0
Andhra Pradesh,EAST GODAVARI,2012,Kharif     ,232300.0,355651.0
Andhra Pradesh,EAST GODAVARI,2012,Rabi       ,168756.0,746239.0
Andhra Pradesh,EAST GODAVARI,2013,Kharif     ,235159.0,434104.0
Andhra Pradesh,EAST GODAVARI,2013,Rabi       ,169523.0,777602.0
Andhra Pradesh,EAST GODAVARI,2014,Kharif     ,226072.0,681833.0
Andhra Pradesh,EAST GODAVARI,2014,Rabi       ,168045.0,881396.0
Andhra Pradesh,EAST GODAVARI,2014,Whole Year ,394117.0,1563229.0
Andhra Pradesh,GUNTUR,2010,Kharif     ,271072.0,649760.0
Andhra Pradesh,GUNTUR,2010,Rabi       ,58393.0,201806.0
Andhra Pradesh,GUNTUR,2011,Kharif     ,281790.0,1080921.0
Andhra Pradesh,GUNTUR,2011,Rabi       ,11012.0,39060.0
Andhra Pradesh,GUNTUR,2012,Kharif     ,174699.0,607778.0
Andhra Pradesh,GUNTUR,2012,Rabi       ,8362.0,29903.0
Andhra Pradesh,GUNTUR,2013,Kharif     ,280060.0,912716.0
Andhra Pradesh,GUNTUR,2013,Rabi       ,48107.0,183288.0
Andhra Pradesh,GUNTUR,2014,Kharif     ,255607.0,1000190.0
Andhra Pradesh,GUNTUR,2014,Rabi       ,29695.0,111742.0
Andhra Pradesh,GUNTUR,2014,Whole Year ,285302.0,1111932.0
Andhra Pradesh,KADAPA,2010,Kharif     ,53345.0,80657.0
Andhra Pradesh,KADAPA,2010,Rabi       ,17037.0,48896.0
Andhra Pradesh,KADAPA,2011,Kharif     ,47290.0,141161.0
Andhra Pradesh,KADAPA,2011,Rabi       ,6606.0,17499.0
Andhra Pradesh,KADAPA,2012,Kharif     ,24147.0,61551.0
Andhra Pradesh,KADAPA,2012,Rabi       ,6601.0,19249.0
Andhra Pradesh,KADAPA,2013,Kharif     ,51753.0,148842.0
Andhra Pradesh,KADAPA,2013,Rabi       ,10959.0,29447.0
Andhra Pradesh,KADAPA,2014,Kharif     ,42124.0,155648.0
Andhra Pradesh,KADAPA,2014,Rabi       ,3761.0,10189.0
Andhra Pradesh,KADAPA,2014,Whole Year ,45885.0,165837.0
Andhra Pradesh,KRISHNA,2010,Kharif     ,260350.0,722978.0
Andhra Pradesh,KRISHNA,2010,Rabi       ,94991.0,367710.0
Andhra Pradesh,KRISHNA,2011,Kharif     ,262826.0,980105.0
Andhra Pradesh,KRISHNA,2011,Rabi       ,9203.0,31437.0
Andhra Pradesh,KRISHNA,2012,Kharif     ,253166.0,908360.0
Andhra Pradesh,KRISHNA,2012,Rabi       ,11365.0,42244.0
Andhra Pradesh,KRISHNA,2013,Kharif     ,264371.0,773285.0
Andhra Pradesh,KRISHNA,2013,Rabi       ,98951.0,402236.0
Andhra Pradesh,KRISHNA,2014,Kharif     ,235212.0,788901.0
Andhra Pradesh,KRISHNA,2014,Rabi       ,52830.0,209894.0
Andhra Pradesh,KRISHNA,2014,Whole Year ,288042.0,998795.0
Andhra Pradesh,KURNOOL,2010,Kharif     ,104110.0,291475.0
Andhra Pradesh,KURNOOL,2010,Rabi       ,32967.0,105626.0
Andhra Pradesh,KURNOOL,2011,Kharif     ,91984.0,333882.0
Andhra Pradesh,KURNOOL,2011,Rabi       ,14738.0,46042.0
Andhra Pradesh,KURNOOL,2012,Kharif     ,72625.0,276774.0
Andhra Pradesh,KURNOOL,2012,Rabi       ,16840.0,60102.0
Andhra Pradesh,KURNOOL,2013,Kharif     ,92596.0,340383.0
Andhra Pradesh,KURNOOL,2013,Rabi       ,32298.0,118017.0
Andhra Pradesh,KURNOOL,2014,Kharif     ,91569.0,361514.0
Andhra Pradesh,KURNOOL,2014,Rabi       ,23329.0,82748.0
Andhra Pradesh,KURNOOL,2014,Whole Year ,114898.0,444262.0
Andhra Pradesh,PRAKASAM,2010,Kharif     ,48878.0,143300.0
Andhra Pradesh,PRAKASAM,2010,Rabi       ,107903.0,376150.0
Andhra Pradesh,PRAKASAM,2011,Kharif     ,39122.0,134932.0
Andhra Pradesh,PRAKASAM,2011,Rabi       ,79396.0,292098.0
Andhra Pradesh,PRAKASAM,2012,Kharif     ,17820.0,64027.0
Andhra Pradesh,PRAKASAM,2012,Rabi       ,33942.0,125959.0
Andhra Pradesh,PRAKASAM,2013,Kharif     ,58034.0,213391.0
Andhra Pradesh,PRAKASAM,2013,Rabi       ,80544.0,318874.0
Andhra Pradesh,PRAKASAM,2014,Kharif     ,31764.0,121783.0
Andhra Pradesh,PRAKASAM,2014,Rabi       ,73533.0,284132.0
Andhra Pradesh,PRAKASAM,2014,Whole Year ,105297.0,405915.0
Andhra Pradesh,SPSR NELLORE,2010,Kharif     ,69873.0,228485.0
Andhra Pradesh,SPSR NELLORE,2010,Rabi       ,200990.0,777027.0
Andhra Pradesh,SPSR NELLORE,2011,Kharif     ,53137.0,195269.0
Andhra Pradesh,SPSR NELLORE,2011,Rabi       ,201435.0,836157.0
Andhra Pradesh,SPSR NELLORE,2012,Kharif     ,53866.0,214710.0
Andhra Pradesh,SPSR NELLORE,2012,Rabi       ,197403.0,811721.0
Andhra Pradesh,SPSR NELLORE,2013,Kharif     ,32241.0,115455.0
Andhra Pradesh,SPSR NELLORE,2013,Rabi       ,192652.0,795653.0
Andhra Pradesh,SPSR NELLORE,2014,Kharif     ,62232.0,232561.0
Andhra Pradesh,SPSR NELLORE,2014,Rabi       ,178491.0,736454.0
Andhra Pradesh,SPSR NELLORE,2014,Whole Year ,240723.0,969015.0
Andhra Pradesh,SRIKAKULAM,2010,Kharif     ,205853.0,167482.0
Andhra Pradesh,SRIKAKULAM,2010,Rabi       ,7098.0,16822.0
Andhra Pradesh,SRIKAKULAM,2011,Kharif     ,208239.0,399240.0
Andhra Pradesh,SRIKAKULAM,2011,Rabi       ,2178.0,4593.0
Andhra Pradesh,SRIKAKULAM,2012,Kharif     ,205859.0,520823.0
Andhra Pradesh,SRIKAKULAM,2012,Rabi       ,2884.0,7870.0
Andhra Pradesh,SRIKAKULAM,2013,Kharif     ,199717.0,347108.0
Andhra Pradesh,SRIKAKULAM,2013,Rabi       ,3425.0,8158.0
Andhra Pradesh,SRIKAKULAM,2014,Kharif     ,205485.0,434806.0
Andhra Pradesh,SRIKAKULAM,2014,Rabi       ,4730.0,12866.0
Andhra Pradesh,SRIKAKULAM,2014,Whole Year ,210215.0,447672.0
Andhra Pradesh,VISAKHAPATANAM,2010,Kharif     ,110289.0,192378.0
Andhra Pradesh,VISAKHAPATANAM,2010,Rabi       ,7262.0,9383.0
Andhra Pradesh,VISAKHAPATANAM,2011,Kharif     ,109505.0,166766.0
Andhra Pradesh,VISAKHAPATANAM,2011,Rabi       ,2617.0,2973.0
Andhra Pradesh,VISAKHAPATANAM,2012,Kharif     ,98718.0,141562.0
Andhra Pradesh,VISAKHAPATANAM,2012,Rabi       ,5046.0,10274.0
Andhra Pradesh,VISAKHAPATANAM,2013,Kharif     ,98637.0,171530.0
Andhra Pradesh,VISAKHAPATANAM,2013,Rabi       ,6759.0,13126.0
Andhra Pradesh,VISAKHAPATANAM,2014,Kharif     ,98190.0,159755.0
Andhra Pradesh,VISAKHAPATANAM,2014,Rabi       ,7238.0,18052.0
Andhra Pradesh,VISAKHAPATANAM,2014,Whole Year ,105428.0,177807.0
Andhra Pradesh,VIZIANAGARAM,2010,Kharif     ,126290.0,325213.0
Andhra Pradesh,VIZIANAGARAM,2010,Rabi       ,7254.0,23452.0
Andhra Pradesh,VIZIANAGARAM,2011,Kharif     ,123491.0,265106.0
Andhra Pradesh,VIZIANAGARAM,2011,Rabi       ,1078.0,2639.0
Andhra Pradesh,VIZIANAGARAM,2012,Kharif     ,119079.0,306509.0
Andhra Pradesh,VIZIANAGARAM,2012,Rabi       ,6690.0,14310.0
Andhra Pradesh,VIZIANAGARAM,2013,Kharif     ,109271.0,270446.0
Andhra Pradesh,VIZIANAGARAM,2013,Rabi       ,7507.0,20479.0
Andhra Pradesh,VIZIANAGARAM,2014,Kharif     ,119229.0,314526.0
Andhra Pradesh,VIZIANAGARAM,2014,Rabi       ,5357.0,17314.0
Andhra Pradesh,VIZIANAGARAM,2014,Whole Year ,124586.0,331840.0
Andhra Pradesh,WEST GODAVARI,2010,Kharif     ,256147.0,558800.0
Andhra Pradesh,WEST GODAVARI,2010,Rabi       ,200369.0,931515.0
Andhra Pradesh,WEST GODAVARI,2011,Kharif     ,240266.0,764242.0
Andhra Pradesh,WEST GODAVARI,2011,Rabi       ,123519.0,544225.0
Andhra Pradesh,WEST GODAVARI,2012,Kharif     ,242832.0,482993.0
Andhra Pradesh,WEST GODAVARI,2012,Rabi       ,179674.0,806377.0
Andhra Pradesh,WEST GODAVARI,2013,Kharif     ,240396.0,521419.0
Andhra Pradesh,WEST GODAVARI,2013,Rabi       ,180223.0,820916.0
Andhra Pradesh,WEST GODAVARI,2014,Kharif     ,231475.0,733313.0
Andhra Pradesh,WEST GODAVARI,2014,Rabi       ,177811.0,891011.0
Andhra Pradesh,WEST GODAVARI,2014,Whole Year ,409286.0,1624324.0
Arunachal Pradesh,ANJAW,2010,Kharif     ,3949.0,3631.0
Arunachal Pradesh,ANJAW,2011,Kharif     ,3489.0,2988.0
Arunachal Pradesh,ANJAW,2012,Kharif     ,3561.0,2996.0
Arunachal Pradesh,ANJAW,2013,Kharif     ,3561.0,2624.0
Arunachal Pradesh,ANJAW,2014,Kharif     ,3561.0,2394.0
Arunachal Pradesh,CHANGLANG,2010,Kharif     ,9585.0,18265.0
Arunachal Pradesh,CHANGLANG,2011,Kharif     ,10260.0,20873.0
Arunachal Pradesh,CHANGLANG,2012,Kharif     ,9605.0,19512.0
Arunachal Pradesh,CHANGLANG,2013,Kharif     ,9681.0,19750.0
Arunachal Pradesh,CHANGLANG,2014,Kharif     ,9081.0,20169.0
Arunachal Pradesh,DIBANG VALLEY,2010,Kharif     ,1585.0,1268.0
Arunachal Pradesh,DIBANG VALLEY,2011,Kharif     ,1610.0,1382.0
Arunachal Pradesh,DIBANG VALLEY,2012,Kharif     ,1682.0,1420.0
Arunachal Pradesh,DIBANG VALLEY,2013,Kharif     ,1690.0,1486.0
Arunachal Pradesh,DIBANG VALLEY,2014,Kharif     ,1690.0,1485.0
Arunachal Pradesh,EAST KAMENG,2010,Kharif     ,8267.0,7178.0
Arunachal Pradesh,EAST KAMENG,2011,Kharif     ,8398.0,7822.0
Arunachal Pradesh,EAST KAMENG,2012,Kharif     ,8768.0,8442.0
Arunachal Pradesh,EAST KAMENG,2013,Kharif     ,8968.0,9087.0
Arunachal Pradesh,EAST KAMENG,2014,Kharif     ,8968.0,9436.0
Arunachal Pradesh,EAST SIANG,2010,Kharif     ,15137.0,24103.0
Arunachal Pradesh,EAST SIANG,2011,Kharif     ,15378.0,26268.0
Arunachal Pradesh,EAST SIANG,2012,Kharif     ,16770.0,27098.0
Arunachal Pradesh,EAST SIANG,2013,Kharif     ,16770.0,27044.0
Arunachal Pradesh,EAST SIANG,2014,Kharif     ,16120.0,27463.0
Arunachal Pradesh,KURUNG KUMEY,2010,Kharif     ,400.0,527.0
Arunachal Pradesh,KURUNG KUMEY,2011,Kharif     ,406.0,574.0
Arunachal Pradesh,KURUNG KUMEY,2012,Kharif     ,410.0,590.0
Arunachal Pradesh,KURUNG KUMEY,2013,Kharif     ,53.0,74.0
Arunachal Pradesh,KURUNG KUMEY,2014,Kharif     ,53.0,74.0
Arunachal Pradesh,LOHIT,2010,Kharif     ,11654.0,20263.0
Arunachal Pradesh,LOHIT,2011,Kharif     ,11839.0,22082.0
Arunachal Pradesh,LOHIT,2012,Kharif     ,12239.0,23512.0
Arunachal Pradesh,LOHIT,2013,Kharif     ,12150.0,21662.0
Arunachal Pradesh,LOHIT,2014,Kharif     ,11450.0,22080.0
Arunachal Pradesh,LONGDING,2013,Kharif     ,2890.0,2504.0
Arunachal Pradesh,LONGDING,2014,Kharif     ,2890.0,2923.0
Arunachal Pradesh,LOWER DIBANG VALLEY,2010,Kharif     ,11180.0,13760.0
Arunachal Pradesh,LOWER DIBANG VALLEY,2011,Kharif     ,11357.0,14995.0
Arunachal Pradesh,LOWER DIBANG VALLEY,2012,Kharif     ,11460.0,14822.0
Arunachal Pradesh,LOWER DIBANG VALLEY,2013,Kharif     ,14595.0,16058.0
Arunachal Pradesh,LOWER DIBANG VALLEY,2014,Kharif     ,13906.0,16479.0
Arunachal Pradesh,LOWER SUBANSIRI,2010,Kharif     ,8155.0,10655.0
Arunachal Pradesh,LOWER SUBANSIRI,2011,Kharif     ,8285.0,1161.0
Arunachal Pradesh,LOWER SUBANSIRI,2012,Kharif     ,8290.0,14358.0
Arunachal Pradesh,LOWER SUBANSIRI,2013,Kharif     ,8373.0,14792.0
Arunachal Pradesh,LOWER SUBANSIRI,2014,Kharif     ,7673.0,15210.0
Arunachal Pradesh,PAPUM PARE,2010,Kharif     ,9083.0,14684.0
Arunachal Pradesh,PAPUM PARE,2011,Kharif     ,9227.0,16002.0
Arunachal Pradesh,PAPUM PARE,2012,Kharif     ,9975.0,16753.0
Arunachal Pradesh,PAPUM PARE,2013,Kharif     ,12025.0,22686.0
Arunachal Pradesh,PAPUM PARE,2014,Kharif     ,11325.0,23105.0
Arunachal Pradesh,TAWANG,2010,Kharif     ,765.0,795.0
Arunachal Pradesh,TAWANG,2011,Kharif     ,777.0,866.0
Arunachal Pradesh,TAWANG,2012,Kharif     ,835.0,930.0
Arunachal Pradesh,TAWANG,2013,Kharif     ,835.0,879.0
Arunachal Pradesh,TAWANG,2014,Kharif     ,835.0,1298.0
Arunachal Pradesh,TIRAP,2010,Kharif     ,5002.0,4073.0
Arunachal Pradesh,TIRAP,2011,Kharif     ,5082.0,4438.0
Arunachal Pradesh,TIRAP,2012,Kharif     ,5080.0,4487.0
Arunachal Pradesh,TIRAP,2013,Kharif     ,2280.0,1976.0
Arunachal Pradesh,TIRAP,2014,Kharif     ,2280.0,2908.0
Arunachal Pradesh,UPPER SIANG,2010,Kharif     ,6625.0,7742.0
Arunachal Pradesh,UPPER SIANG,2011,Kharif     ,6730.0,8436.0
Arunachal Pradesh,UPPER SIANG,2012,Kharif     ,6590.0,8285.0
Arunachal Pradesh,UPPER SIANG,2013,Kharif     ,6615.0,8510.0
Arunachal Pradesh,UPPER SIANG,2014,Kharif     ,6615.0,8794.0
Arunachal Pradesh,UPPER SUBANSIRI,2010,Kharif     ,4169.0,5681.0
Arunachal Pradesh,UPPER SUBANSIRI,2011,Kharif     ,4235.0,6190.0
Arunachal Pradesh,UPPER SUBANSIRI,2012,Kharif     ,4425.0,5935.0
Arunachal Pradesh,UPPER SUBANSIRI,2013,Kharif     ,5062.0,9280.0
Arunachal Pradesh,UPPER SUBANSIRI,2014,Kharif     ,5062.0,9698.0
Arunachal Pradesh,WEST KAMENG,2010,Kharif     ,866.0,799.0
Arunachal Pradesh,WEST KAMENG,2011,Kharif     ,880.0,870.0
Arunachal Pradesh,WEST KAMENG,2012,Kharif     ,867.0,890.0
Arunachal Pradesh,WEST KAMENG,2013,Kharif     ,880.0,891.0
Arunachal Pradesh,WEST KAMENG,2014,Kharif     ,880.0,1256.0
Arunachal Pradesh,WEST SIANG,2010,Kharif     ,25148.0,22569.0
Arunachal Pradesh,WEST SIANG,2011,Kharif     ,25547.0,24596.0
Arunachal Pradesh,WEST SIANG,2012,Kharif     ,25528.0,24632.0
Arunachal Pradesh,WEST SIANG,2013,Kharif     ,25561.0,24801.0
Arunachal Pradesh,WEST SIANG,2014,Kharif     ,24811.0,25220.0
Assam,BAKSA,2010,Autumn     ,11562.0,13489.0
Assam,BAKSA,2010,Summer     ,6000.0,13150.0
Assam,BAKSA,2010,Winter     ,84168.0,134217.0
Assam,BAKSA,2011,Autumn     ,10325.0,14340.0
Assam,BAKSA,2011,Summer     ,2500.0,5595.0
Assam,BAKSA,2011,Winter     ,85450.0,153149.0
Assam,BAKSA,2012,Autumn     ,11780.0,16636.0
Assam,BAKSA,2012,Summer     ,2520.0,6137.0
Assam,BAKSA,2012,Winter     ,85485.0,157009.0
Assam,BAKSA,2013,Autumn     ,10200.0,16672.0
Assam,BAKSA,2013,Summer     ,2750.0,5885.0
Assam,BAKSA,2013,Winter     ,85730.0,161484.0
Assam,BAKSA,2014,Autumn     ,10800.0,18283.0
Assam,BAKSA,2014,Summer     ,3050.0,6509.0
Assam,BAKSA,2014,Winter     ,86070.0,195027.0
Assam,BARPETA,2010,Autumn     ,39756.0,33805.0
Assam,BARPETA,2010,Summer     ,51581.0,131465.0
Assam,BARPETA,2010,Winter     ,74406.0,148961.0
Assam,BARPETA,2011,Autumn     ,27987.0,13767.0
Assam,BARPETA,2011,Summer     ,51708.0,174318.0
Assam,BARPETA,2011,Winter     ,78281.0,110441.0
Assam,BARPETA,2012,Autumn     ,6346.0,1075.0
Assam,BARPETA,2012,Summer     ,52921.0,163375.0
Assam,BARPETA,2012,Winter     ,66597.0,107022.0
Assam,BARPETA,2013,Autumn     ,19191.0,16796.0
Assam,BARPETA,2013,Summer     ,47877.0,158072.0
Assam,BARPETA,2013,Winter     ,67630.0,123146.0
Assam,BARPETA,2014,Autumn     ,17551.0,18634.0
Assam,BARPETA,2014,Summer     ,49261.0,141830.0
Assam,BARPETA,2014,Winter     ,69154.0,102046.0
Assam,BONGAIGAON,2010,Autumn     ,16142.0,12826.0
Assam,BONGAIGAON,2010,Summer     ,10680.0,35104.0
Assam,BONGAIGAON,2010,Winter     ,34806.0,52651.0
Assam,BONGAIGAON,2011,Autumn     ,15953.0,17728.0
Assam,BONGAIGAON,2011,Summer     ,10507.0,31151.0
Assam,BONGAIGAON,2011,Winter     ,36205.0,48899.0
Assam,BONGAIGAON,2012,Autumn     ,12922.0,16900.0
Assam,BONGAIGAON,2012,Summer     ,10740.0,31907.0
Assam,BONGAIGAON,2012,Winter     ,35931.0,57117.0
Assam,BONGAIGAON,2013,Autumn     ,11021.0,17595.0
Assam,BONGAIGAON,2013,Summer     ,13070.0,38727.0
Assam,BONGAIGAON,2013,Winter     ,32690.0,66164.0
Assam,BONGAIGAON,2014,Autumn     ,5865.0,7909.0
Assam,BONGAIGAON,2014,Summer     ,11685.0,38969.0
Assam,BONGAIGAON,2014,Winter     ,35299.0,69061.0
Assam,CACHAR,2010,Autumn     ,8359.0,16087.0
Assam,CACHAR,2010,Summer     ,7332.0,14228.0
Assam,CACHAR,2010,Winter     ,88908.0,195008.0
Assam,CACHAR,2011,Autumn     ,7700.0,13116.0
Assam,CACHAR,2011,Summer     ,7990.0,14971.0
Assam,CACHAR,2011,Winter     ,90682.0,177981.0
Assam,CACHAR,2012,Autumn     ,7680.0,15518.0
Assam,CACHAR,2012,Summer     ,7547.0,14736.0
Assam,CACHAR,2012,Winter     ,91912.0,202725.0
Assam,CACHAR,2013,Autumn     ,6430.0,10288.0
Assam,CACHAR,2013,Summer     ,7700.0,12958.0
Assam,CACHAR,2013,Winter     ,82347.0,153041.0
Assam,CACHAR,2014,Autumn     ,6752.0,13796.0
Assam,CACHAR,2014,Summer     ,8235.0,16088.0
Assam,CACHAR,2014,Winter     ,92895.0,216009.0
Assam,CHIRANG,2010,Autumn     ,15372.0,15765.0
Assam,CHIRANG,2010,Summer     ,1713.0,4240.0
Assam,CHIRANG,2010,Winter     ,35740.0,57482.0
Assam,CHIRANG,2011,Autumn     ,15177.0,17161.0
Assam,CHIRANG,2011,Summer     ,442.0,1106.0
Assam,CHIRANG,2011,Winter     ,35480.0,42430.0
Assam,CHIRANG,2012,Autumn     ,17722.0,22966.0
Assam,CHIRANG,2012,Summer     ,3262.0,9672.0
Assam,CHIRANG,2012,Winter     ,36176.0,50867.0
Assam,CHIRANG,2013,Autumn     ,8879.0,11707.0
Assam,CHIRANG,2013,Summer     ,2727.0,6025.0
Assam,CHIRANG,2013,Winter     ,35250.0,58207.0
Assam,CHIRANG,2014,Autumn     ,6255.0,6553.0
Assam,CHIRANG,2014,Summer     ,3413.0,8114.0
Assam,CHIRANG,2014,Winter     ,35857.0,58189.0
Assam,DARRANG,2010,Autumn     ,14941.0,20783.0
Assam,DARRANG,2010,Summer     ,21000.0,56679.0
Assam,DARRANG,2010,Winter     ,49360.0,110863.0
Assam,DARRANG,2011,Autumn     ,11823.0,19359.0
Assam,DARRANG,2011,Summer     ,19394.0,56669.0
Assam,DARRANG,2011,Winter     ,48505.0,105445.0
Assam,DARRANG,2012,Autumn     ,7620.0,10527.0
Assam,DARRANG,2012,Summer     ,19850.0,70825.0
Assam,DARRANG,2012,Winter     ,48808.0,97931.0
Assam,DARRANG,2013,Autumn     ,3616.0,4050.0
Assam,DARRANG,2013,Summer     ,17837.0,64285.0
Assam,DARRANG,2013,Winter     ,48236.0,92981.0
Assam,DARRANG,2014,Autumn     ,3304.0,4990.0
Assam,DARRANG,2014,Summer     ,17356.0,65241.0
Assam,DARRANG,2014,Winter     ,48413.0,102861.0
Assam,DHEMAJI,2010,Autumn     ,8915.0,6964.0
Assam,DHEMAJI,2010,Summer     ,3150.0,4446.0
Assam,DHEMAJI,2010,Winter     ,64892.0,87301.0
Assam,DHEMAJI,2011,Autumn     ,9305.0,7164.0
Assam,DHEMAJI,2011,Summer     ,2172.0,3848.0
Assam,DHEMAJI,2011,Winter     ,67265.0,96573.0
Assam,DHEMAJI,2012,Autumn     ,9075.0,12021.0
Assam,DHEMAJI,2012,Summer     ,2915.0,5757.0
Assam,DHEMAJI,2012,Winter     ,68005.0,110152.0
Assam,DHEMAJI,2013,Autumn     ,9630.0,14723.0
Assam,DHEMAJI,2013,Summer     ,4420.0,8883.0
Assam,DHEMAJI,2013,Winter     ,68300.0,105539.0
Assam,DHEMAJI,2014,Autumn     ,9379.0,12595.0
Assam,DHEMAJI,2014,Summer     ,8500.0,12823.0
Assam,DHEMAJI,2014,Winter     ,67660.0,106274.0
Assam,DHUBRI,2010,Autumn     ,7488.0,4629.0
Assam,DHUBRI,2010,Summer     ,54200.0,172864.0
Assam,DHUBRI,2010,Winter     ,33097.0,49607.0
Assam,DHUBRI,2011,Autumn     ,4380.0,2710.0
Assam,DHUBRI,2011,Summer     ,52700.0,168047.0
Assam,DHUBRI,2011,Winter     ,35500.0,54327.0
Assam,DHUBRI,2012,Autumn     ,4298.0,2341.0
Assam,DHUBRI,2012,Summer     ,53050.0,190523.0
Assam,DHUBRI,2012,Winter     ,35600.0,56164.0
Assam,DHUBRI,2013,Autumn     ,4169.0,5349.0
Assam,DHUBRI,2013,Summer     ,47295.0,167391.0
Assam,DHUBRI,2013,Winter     ,35140.0,63545.0
Assam,DHUBRI,2014,Autumn     ,4075.0,3852.0
Assam,DHUBRI,2014,Summer     ,51015.0,193213.0
Assam,DHUBRI,2014,Winter     ,30968.0,39396.0
Assam,DIBRUGARH,2010,Autumn     ,102.0,118.0
Assam,DIBRUGARH,2010,Summer     ,136.0,350.0
Assam,DIBRUGARH,2010,Winter     ,75859.0,162490.0
Assam,DIBRUGARH,2011,Autumn     ,95.0,116.0
Assam,DIBRUGARH,2011,Summer     ,310.0,851.0
Assam,DIBRUGARH,2011,Winter     ,77004.0,104292.0
Assam,DIBRUGARH,2012,Autumn     ,280.0,363.0
Assam,DIBRUGARH,2012,Summer     ,415.0,1230.0
Assam,DIBRUGARH,2012,Winter     ,76892.0,159734.0
Assam,DIBRUGARH,2013,Autumn     ,188.0,325.0
Assam,DIBRUGARH,2013,Summer     ,403.0,1201.0
Assam,DIBRUGARH,2013,Winter     ,77479.0,146528.0
Assam,DIBRUGARH,2014,Autumn     ,333.0,477.0
Assam,DIBRUGARH,2014,Summer     ,1256.0,3693.0
Assam,DIBRUGARH,2014,Winter     ,73139.0,124921.0
Assam,DIMA HASAO,2010,Autumn     ,6405.0,10363.0
Assam,DIMA HASAO,2010,Summer     ,14.0,36.0
Assam,DIMA HASAO,2010,Winter     ,8828.0,11265.0
Assam,DIMA HASAO,2011,Autumn     ,6590.0,8923.0
Assam,DIMA HASAO,2011,Winter     ,8980.0,27164.0
Assam,DIMA HASAO,2012,Autumn     ,6548.0,11327.0
Assam,DIMA HASAO,2012,Winter     ,9645.0,25631.0
Assam,DIMA HASAO,2013,Autumn     ,6670.0,11477.0
Assam,DIMA HASAO,2013,Summer     ,28.0,83.0
Assam,DIMA HASAO,2013,Winter     ,9125.0,20277.0
Assam,DIMA HASAO,2014,Autumn     ,5607.0,10300.0
Assam,DIMA HASAO,2014,Winter     ,9093.0,24211.0
Assam,GOALPARA,2010,Autumn     ,10448.0,12715.0
Assam,GOALPARA,2010,Summer     ,24524.0,68446.0
Assam,GOALPARA,2010,Winter     ,48167.0,115697.0
Assam,GOALPARA,2011,Autumn     ,8690.0,10501.0
Assam,GOALPARA,2011,Summer     ,19000.0,59394.0
Assam,GOALPARA,2011,Winter     ,49000.0,74569.0
Assam,GOALPARA,2012,Autumn     ,8410.0,11552.0
Assam,GOALPARA,2012,Summer     ,25000.0,79375.0
Assam,GOALPARA,2012,Winter     ,49200.0,93968.0
Assam,GOALPARA,2013,Autumn     ,8624.0,9625.0
Assam,GOALPARA,2013,Summer     ,25290.0,82243.0
Assam,GOALPARA,2013,Winter     ,49245.0,116414.0
Assam,GOALPARA,2014,Autumn     ,8062.0,7552.0
Assam,GOALPARA,2014,Summer     ,25434.0,81058.0
Assam,GOALPARA,2014,Winter     ,50772.0,105221.0
Assam,GOLAGHAT,2010,Autumn     ,2430.0,4750.0
Assam,GOLAGHAT,2010,Summer     ,3625.0,7156.0
Assam,GOLAGHAT,2010,Winter     ,103460.0,234365.0
Assam,GOLAGHAT,2011,Autumn     ,2489.0,4779.0
Assam,GOLAGHAT,2011,Summer     ,4555.0,11564.0
Assam,GOLAGHAT,2011,Winter     ,100991.0,214747.0
Assam,GOLAGHAT,2012,Autumn     ,1971.0,2460.0
Assam,GOLAGHAT,2012,Summer     ,4435.0,11552.0
Assam,GOLAGHAT,2012,Winter     ,117523.0,276307.0
Assam,GOLAGHAT,2013,Autumn     ,1915.0,4432.0
Assam,GOLAGHAT,2013,Summer     ,4838.0,11716.0
Assam,GOLAGHAT,2013,Winter     ,117398.0,278929.0
Assam,GOLAGHAT,2014,Autumn     ,1798.0,3411.0
Assam,GOLAGHAT,2014,Summer     ,7663.0,16840.0
Assam,GOLAGHAT,2014,Winter     ,114163.0,256004.0
Assam,HAILAKANDI,2010,Autumn     ,6012.0,12776.0
Assam,HAILAKANDI,2010,Summer     ,4050.0,7574.0
Assam,HAILAKANDI,2010,Winter     ,38011.0,88109.0
Assam,HAILAKANDI,2011,Autumn     ,5800.0,13264.0
Assam,HAILAKANDI,2011,Summer     ,3450.0,8684.0
Assam,HAILAKANDI,2011,Winter     ,41350.0,90257.0
Assam,HAILAKANDI,2012,Autumn     ,3500.0,6940.0
Assam,HAILAKANDI,2012,Winter     ,42100.0,104709.0
Assam,HAILAKANDI,2013,Autumn     ,3090.0,3287.0
Assam,HAILAKANDI,2013,Summer     ,2035.0,3596.0
Assam,HAILAKANDI,2013,Winter     ,41550.0,106983.0
Assam,HAILAKANDI,2014,Autumn     ,1973.0,5173.0
Assam,HAILAKANDI,2014,Summer     ,2120.0,3744.0
Assam,HAILAKANDI,2014,Winter     ,41250.0,117383.0
Assam,JORHAT,2010,Autumn     ,3353.0,3205.0
Assam,JORHAT,2010,Summer     ,3864.0,3597.0
Assam,JORHAT,2010,Winter     ,85597.0,175077.0
Assam,JORHAT,2011,Autumn     ,3083.0,2195.0
Assam,JORHAT,2011,Summer     ,4035.0,4968.0
Assam,JORHAT,2011,Winter     ,85627.0,160882.0
Assam,JORHAT,2012,Autumn     ,3272.0,2652.0
Assam,JORHAT,2012,Summer     ,4953.0,7657.0
Assam,JORHAT,2012,Winter     ,72092.0,165955.0
Assam,JORHAT,2013,Autumn     ,3267.0,3282.0
Assam,JORHAT,2013,Summer     ,4663.0,7233.0
Assam,JORHAT,2013,Winter     ,86181.0,178210.0
Assam,JORHAT,2014,Autumn     ,3396.0,4569.0
Assam,JORHAT,2014,Summer     ,4632.0,7242.0
Assam,JORHAT,2014,Winter     ,83865.0,164739.0
Assam,KAMRUP,2010,Autumn     ,14012.0,23004.0
Assam,KAMRUP,2010,Summer     ,35022.0,96010.0
Assam,KAMRUP,2010,Winter     ,69839.0,161411.0
Assam,KAMRUP,2011,Autumn     ,13835.0,18773.0
Assam,KAMRUP,2011,Summer     ,34899.0,93425.0
Assam,KAMRUP,2011,Winter     ,73996.0,123666.0
Assam,KAMRUP,2012,Autumn     ,13284.0,10189.0
Assam,KAMRUP,2012,Summer     ,36866.0,85371.0
Assam,KAMRUP,2012,Winter     ,66688.0,142467.0
Assam,KAMRUP,2013,Autumn     ,13511.0,15175.0
Assam,KAMRUP,2013,Summer     ,36808.0,107079.0
Assam,KAMRUP,2013,Winter     ,71020.0,152006.0
Assam,KAMRUP,2014,Autumn     ,9246.0,13988.0
Assam,KAMRUP,2014,Summer     ,36661.0,106170.0
Assam,KAMRUP,2014,Winter     ,67720.0,140739.0
Assam,KAMRUP METRO,2010,Autumn     ,1120.0,2212.0
Assam,KAMRUP METRO,2010,Summer     ,8020.0,19833.0
Assam,KAMRUP METRO,2010,Winter     ,20193.0,48564.0
Assam,KAMRUP METRO,2011,Autumn     ,1211.0,1480.0
Assam,KAMRUP METRO,2011,Summer     ,8050.0,23417.0
Assam,KAMRUP METRO,2011,Winter     ,20500.0,40122.0
Assam,KAMRUP METRO,2012,Autumn     ,1200.0,1169.0
Assam,KAMRUP METRO,2012,Summer     ,8040.0,19095.0
Assam,KAMRUP METRO,2012,Winter     ,20348.0,48404.0
Assam,KAMRUP METRO,2013,Autumn     ,895.0,1181.0
Assam,KAMRUP METRO,2013,Summer     ,7990.0,23626.0
Assam,KAMRUP METRO,2013,Winter     ,20343.0,44745.0
Assam,KAMRUP METRO,2014,Autumn     ,845.0,1208.0
Assam,KAMRUP METRO,2014,Summer     ,7967.0,23766.0
Assam,KAMRUP METRO,2014,Winter     ,20398.0,39782.0
Assam,KARBI ANGLONG,2010,Autumn     ,10991.0,15825.0
Assam,KARBI ANGLONG,2010,Summer     ,2058.0,5304.0
Assam,KARBI ANGLONG,2010,Winter     ,113051.0,216219.0
Assam,KARBI ANGLONG,2011,Autumn     ,10876.0,14964.0
Assam,KARBI ANGLONG,2011,Summer     ,2237.0,3768.0
Assam,KARBI ANGLONG,2011,Winter     ,108452.0,155670.0
Assam,KARBI ANGLONG,2012,Autumn     ,9170.0,12544.0
Assam,KARBI ANGLONG,2012,Summer     ,1572.0,4661.0
Assam,KARBI ANGLONG,2012,Winter     ,117679.0,181966.0
Assam,KARBI ANGLONG,2013,Autumn     ,9103.0,12411.0
Assam,KARBI ANGLONG,2013,Summer     ,2256.0,4257.0
Assam,KARBI ANGLONG,2013,Winter     ,118841.0,203249.0
Assam,KARBI ANGLONG,2014,Autumn     ,6829.0,9986.0
Assam,KARBI ANGLONG,2014,Summer     ,2334.0,3981.0
Assam,KARBI ANGLONG,2014,Winter     ,118833.0,204222.0
Assam,KARIMGANJ,2010,Autumn     ,4451.0,7580.0
Assam,KARIMGANJ,2010,Summer     ,5980.0,12175.0
Assam,KARIMGANJ,2010,Winter     ,63143.0,130832.0
Assam,KARIMGANJ,2011,Autumn     ,2240.0,4223.0
Assam,KARIMGANJ,2011,Summer     ,6578.0,12544.0
Assam,KARIMGANJ,2011,Winter     ,65617.0,182975.0
Assam,KARIMGANJ,2012,Autumn     ,2260.0,4148.0
Assam,KARIMGANJ,2012,Summer     ,6650.0,12874.0
Assam,KARIMGANJ,2012,Winter     ,69735.0,136279.0
Assam,KARIMGANJ,2013,Autumn     ,1255.0,1576.0
Assam,KARIMGANJ,2013,Summer     ,6850.0,13501.0
Assam,KARIMGANJ,2013,Winter     ,69394.0,138893.0
Assam,KARIMGANJ,2014,Autumn     ,982.0,1616.0
Assam,KARIMGANJ,2014,Summer     ,6895.0,11087.0
Assam,KARIMGANJ,2014,Winter     ,69525.0,130527.0
Assam,KOKRAJHAR,2010,Autumn     ,24663.0,28902.0
Assam,KOKRAJHAR,2010,Summer     ,17392.0,38470.0
Assam,KOKRAJHAR,2010,Winter     ,67368.0,125366.0
Assam,KOKRAJHAR,2011,Autumn     ,20698.0,32540.0
Assam,KOKRAJHAR,2011,Summer     ,22644.0,55774.0
Assam,KOKRAJHAR,2011,Winter     ,62725.0,97134.0
Assam,KOKRAJHAR,2012,Autumn     ,21910.0,28393.0
Assam,KOKRAJHAR,2012,Summer     ,20960.0,51092.0
Assam,KOKRAJHAR,2012,Winter     ,66580.0,101640.0
Assam,KOKRAJHAR,2013,Autumn     ,21800.0,25856.0
Assam,KOKRAJHAR,2013,Summer     ,23056.0,69796.0
Assam,KOKRAJHAR,2013,Winter     ,64633.0,127450.0
Assam,KOKRAJHAR,2014,Autumn     ,19867.0,31130.0
Assam,KOKRAJHAR,2014,Summer     ,23065.0,62820.0
Assam,KOKRAJHAR,2014,Winter     ,65450.0,119039.0
Assam,LAKHIMPUR,2010,Autumn     ,15557.0,11121.0
Assam,LAKHIMPUR,2010,Summer     ,16675.0,17622.0
Assam,LAKHIMPUR,2010,Winter     ,108330.0,217671.0
Assam,LAKHIMPUR,2011,Autumn     ,14499.0,13871.0
Assam,LAKHIMPUR,2011,Summer     ,21815.0,36479.0
Assam,LAKHIMPUR,2011,Winter     ,114250.0,210176.0
Assam,LAKHIMPUR,2012,Autumn     ,14829.0,16891.0
Assam,LAKHIMPUR,2012,Summer     ,19372.0,44526.0
Assam,LAKHIMPUR,2012,Winter     ,111100.0,249676.0
Assam,LAKHIMPUR,2013,Autumn     ,13000.0,19615.0
Assam,LAKHIMPUR,2013,Summer     ,16400.0,25187.0
Assam,LAKHIMPUR,2013,Winter     ,111700.0,215763.0
Assam,LAKHIMPUR,2014,Autumn     ,6861.0,10015.0
Assam,LAKHIMPUR,2014,Summer     ,14700.0,26717.0
Assam,LAKHIMPUR,2014,Winter     ,102605.0,224011.0
Assam,MARIGAON,2010,Autumn     ,4084.0,2434.0
Assam,MARIGAON,2010,Summer     ,44104.0,108364.0
Assam,MARIGAON,2010,Winter     ,41813.0,80281.0
Assam,MARIGAON,2011,Autumn     ,3736.0,2864.0
Assam,MARIGAON,2011,Summer     ,43516.0,122715.0
Assam,MARIGAON,2011,Winter     ,42745.0,80418.0
Assam,MARIGAON,2012,Autumn     ,3645.0,5291.0
Assam,MARIGAON,2012,Summer     ,37729.0,112357.0
Assam,MARIGAON,2012,Winter     ,39830.0,77445.0
Assam,MARIGAON,2013,Autumn     ,2500.0,4133.0
Assam,MARIGAON,2013,Summer     ,41120.0,134956.0
Assam,MARIGAON,2013,Winter     ,46495.0,109410.0
Assam,MARIGAON,2014,Autumn     ,3272.0,7554.0
Assam,MARIGAON,2014,Summer     ,42535.0,132411.0
Assam,MARIGAON,2014,Winter     ,44115.0,74261.0
Assam,NAGAON,2010,Autumn     ,16005.0,24301.0
Assam,NAGAON,2010,Summer     ,47125.0,126538.0
Assam,NAGAON,2010,Winter     ,121017.0,201940.0
Assam,NAGAON,2011,Autumn     ,14540.0,22093.0
Assam,NAGAON,2011,Summer     ,41332.0,93853.0
Assam,NAGAON,2011,Winter     ,136220.0,208257.0
Assam,NAGAON,2012,Autumn     ,12985.0,19932.0
Assam,NAGAON,2012,Summer     ,33914.0,103130.0
Assam,NAGAON,2012,Winter     ,131456.0,246466.0
Assam,NAGAON,2013,Autumn     ,12088.0,18018.0
Assam,NAGAON,2013,Summer     ,44319.0,122928.0
Assam,NAGAON,2013,Winter     ,140244.0,295177.0
Assam,NAGAON,2014,Autumn     ,11711.0,19345.0
Assam,NAGAON,2014,Summer     ,43088.0,120369.0
Assam,NAGAON,2014,Winter     ,146934.0,270857.0
Assam,NALBARI,2010,Autumn     ,5117.0,4790.0
Assam,NALBARI,2010,Summer     ,6950.0,18529.0
Assam,NALBARI,2010,Winter     ,64025.0,143672.0
Assam,NALBARI,2011,Autumn     ,4525.0,3860.0
Assam,NALBARI,2011,Summer     ,10200.0,26653.0
Assam,NALBARI,2011,Winter     ,65000.0,110443.0
Assam,NALBARI,2012,Autumn     ,4930.0,6864.0
Assam,NALBARI,2012,Summer     ,10932.0,30336.0
Assam,NALBARI,2012,Winter     ,65200.0,131912.0
Assam,NALBARI,2013,Autumn     ,4930.0,5701.0
Assam,NALBARI,2013,Summer     ,11000.0,31823.0
Assam,NALBARI,2013,Winter     ,62000.0,115850.0
Assam,NALBARI,2014,Autumn     ,2000.0,3167.0
Assam,NALBARI,2014,Summer     ,12375.0,36420.0
Assam,NALBARI,2014,Winter     ,62000.0,144858.0
Assam,SIVASAGAR,2010,Autumn     ,198.0,205.0
Assam,SIVASAGAR,2010,Summer     ,53.0,137.0
Assam,SIVASAGAR,2010,Winter     ,92927.0,222177.0
Assam,SIVASAGAR,2011,Autumn     ,62.0,52.0
Assam,SIVASAGAR,2011,Summer     ,336.0,922.0
Assam,SIVASAGAR,2011,Winter     ,96696.0,213241.0
Assam,SIVASAGAR,2012,Autumn     ,129.0,150.0
Assam,SIVASAGAR,2012,Summer     ,172.0,510.0
Assam,SIVASAGAR,2012,Winter     ,95535.0,236386.0
Assam,SIVASAGAR,2013,Autumn     ,200.0,300.0
Assam,SIVASAGAR,2013,Summer     ,553.0,1649.0
Assam,SIVASAGAR,2013,Winter     ,95779.0,205295.0
Assam,SIVASAGAR,2014,Autumn     ,86.0,134.0
Assam,SIVASAGAR,2014,Summer     ,2099.0,6171.0
Assam,SIVASAGAR,2014,Winter     ,95674.0,199785.0
Assam,SONITPUR,2010,Autumn     ,25932.0,30104.0
Assam,SONITPUR,2010,Summer     ,18365.0,56819.0
Assam,SONITPUR,2010,Winter     ,123978.0,272644.0
Assam,SONITPUR,2011,Autumn     ,26281.0,38519.0
Assam,SONITPUR,2011,Summer     ,17394.0,58427.0
Assam,SONITPUR,2011,Winter     ,129240.0,212781.0
Assam,SONITPUR,2012,Autumn     ,21466.0,32422.0
Assam,SONITPUR,2012,Summer     ,19365.0,79652.0
Assam,SONITPUR,2012,Winter     ,122123.0,237845.0
Assam,SONITPUR,2013,Autumn     ,20669.0,32904.0
Assam,SONITPUR,2013,Summer     ,21493.0,67738.0
Assam,SONITPUR,2013,Winter     ,123892.0,240086.0
Assam,SONITPUR,2014,Autumn     ,18027.0,32220.0
Assam,SONITPUR,2014,Summer     ,25008.0,81831.0
Assam,SONITPUR,2014,Winter     ,130052.0,266895.0
Assam,TINSUKIA,2010,Autumn     ,6278.0,12549.0
Assam,TINSUKIA,2010,Summer     ,71.0,183.0
Assam,TINSUKIA,2010,Winter     ,58281.0,115844.0
Assam,TINSUKIA,2011,Autumn     ,6202.0,11704.0
Assam,TINSUKIA,2011,Summer     ,85.0,236.0
Assam,TINSUKIA,2011,Winter     ,58355.0,106084.0
Assam,TINSUKIA,2012,Autumn     ,5806.0,7964.0
Assam,TINSUKIA,2012,Summer     ,250.0,741.0
Assam,TINSUKIA,2012,Winter     ,53003.0,86946.0
Assam,TINSUKIA,2013,Autumn     ,5346.0,7595.0
Assam,TINSUKIA,2013,Summer     ,85.0,253.0
Assam,TINSUKIA,2013,Winter     ,56890.0,97987.0
Assam,TINSUKIA,2014,Autumn     ,5670.0,7682.0
Assam,TINSUKIA,2014,Summer     ,201.0,590.0
Assam,TINSUKIA,2014,Winter     ,57642.0,97271.0
Assam,UDALGURI,2010,Autumn     ,28295.0,24523.0
Assam,UDALGURI,2010,Summer     ,5101.0,8256.0
Assam,UDALGURI,2010,Winter     ,61418.0,89415.0
Assam,UDALGURI,2011,Autumn     ,28384.0,27949.0
Assam,UDALGURI,2011,Summer     ,5770.0,10693.0
Assam,UDALGURI,2011,Winter     ,61485.0,95468.0
Assam,UDALGURI,2012,Autumn     ,25140.0,29510.0
Assam,UDALGURI,2012,Summer     ,5710.0,18786.0
Assam,UDALGURI,2012,Winter     ,62167.0,112707.0
Assam,UDALGURI,2013,Autumn     ,21145.0,20367.0
Assam,UDALGURI,2013,Summer     ,6269.0,18767.0
Assam,UDALGURI,2013,Winter     ,63205.0,91722.0
Assam,UDALGURI,2014,Autumn     ,25642.0,24554.0
Assam,UDALGURI,2014,Summer     ,5805.0,16349.0
Assam,UDALGURI,2014,Winter     ,63210.0,124317.0
Bihar,ARARIA,2010,Autumn     ,20215.0,25762.0
Bihar,ARARIA,2010,Summer     ,13075.0,25603.0
Bihar,ARARIA,2010,Winter     ,97335.0,96492.0
Bihar,ARARIA,2011,Autumn     ,12416.0,14834.0
Bihar,ARARIA,2011,Summer     ,29978.0,63083.0
Bihar,ARARIA,2011,Winter     ,96434.0,193191.0
Bihar,ARARIA,2012,Autumn     ,12416.0,23732.0
Bihar,ARARIA,2012,Summer     ,29978.0,103334.0
Bihar,ARARIA,2012,Winter     ,96434.0,212341.0
Bihar,ARARIA,2013,Autumn     ,31941.0,67848.0
Bihar,ARARIA,2013,Summer     ,8019.0,19242.0
Bihar,ARARIA,2013,Winter     ,94418.0,272074.0
Bihar,ARARIA,2014,Autumn     ,23955.0,32840.0
Bihar,ARARIA,2014,Summer     ,8369.0,17229.0
Bihar,ARARIA,2014,Winter     ,88961.0,216846.0
Bihar,ARWAL,2010,Winter     ,25797.0,46049.0
Bihar,ARWAL,2011,Autumn     ,6.0,9.0
Bihar,ARWAL,2011,Winter     ,26272.0,80558.0
Bihar,ARWAL,2012,Autumn     ,6.0,11.0
Bihar,ARWAL,2012,Winter     ,26272.0,80434.0
Bihar,ARWAL,2013,Winter     ,26580.0,77450.0
Bihar,ARWAL,2014,Winter     ,26045.0,114539.0
Bihar,AURANGABAD,2010,Winter     ,125655.0,178033.0
Bihar,AURANGABAD,2011,Winter     ,176162.0,581968.0
Bihar,AURANGABAD,2012,Winter     ,179922.0,615087.0
Bihar,AURANGABAD,2013,Winter     ,139722.0,514563.0
Bihar,AURANGABAD,2014,Winter     ,164023.0,619195.0
Bihar,BANKA,2010,Winter     ,80170.0,159926.0
Bihar,BANKA,2011,Winter     ,99780.0,390622.0
Bihar,BANKA,2012,Winter     ,96359.0,291074.0
Bihar,BANKA,2013,Winter     ,95524.0,284394.0
Bihar,BANKA,2014,Winter     ,91863.0,323625.0
Bihar,BEGUSARAI,2010,Autumn     ,10512.0,4902.0
Bihar,BEGUSARAI,2010,Summer     ,1070.0,2062.0
Bihar,BEGUSARAI,2010,Winter     ,18175.0,5027.0
Bihar,BEGUSARAI,2011,Autumn     ,10530.0,13383.0
Bihar,BEGUSARAI,2011,Summer     ,256.0,449.0
Bihar,BEGUSARAI,2011,Winter     ,18447.0,37271.0
Bihar,BEGUSARAI,2012,Autumn     ,10446.0,20333.0
Bihar,BEGUSARAI,2012,Summer     ,870.0,2262.0
Bihar,BEGUSARAI,2012,Winter     ,16597.0,33263.0
Bihar,BEGUSARAI,2013,Autumn     ,10512.0,8367.0
Bihar,BEGUSARAI,2013,Summer     ,1023.0,2386.0
Bihar,BEGUSARAI,2013,Winter     ,18040.0,21989.0
Bihar,BEGUSARAI,2014,Autumn     ,4515.0,6340.0
Bihar,BEGUSARAI,2014,Winter     ,17817.0,31110.0
Bihar,BHAGALPUR,2010,Autumn     ,1185.0,1034.0
Bihar,BHAGALPUR,2010,Summer     ,322.0,619.0
Bihar,BHAGALPUR,2010,Winter     ,29266.0,27793.0
Bihar,BHAGALPUR,2011,Autumn     ,589.0,947.0
Bihar,BHAGALPUR,2011,Summer     ,276.0,503.0
Bihar,BHAGALPUR,2011,Winter     ,25788.0,79647.0
Bihar,BHAGALPUR,2012,Autumn     ,983.0,1743.0
Bihar,BHAGALPUR,2012,Summer     ,276.0,726.0
Bihar,BHAGALPUR,2012,Winter     ,33883.0,64834.0
Bihar,BHAGALPUR,2013,Autumn     ,1086.0,1603.0
Bihar,BHAGALPUR,2013,Summer     ,590.0,1372.0
Bihar,BHAGALPUR,2013,Winter     ,27843.0,53722.0
Bihar,BHAGALPUR,2014,Autumn     ,1192.0,2073.0
Bihar,BHAGALPUR,2014,Summer     ,536.0,1139.0
Bihar,BHAGALPUR,2014,Winter     ,30623.0,92619.0
Bihar,BHOJPUR,2010,Autumn     ,482.0,431.0
Bihar,BHOJPUR,2010,Summer     ,19.0,36.0
Bihar,BHOJPUR,2010,Winter     ,105877.0,215955.0
Bihar,BHOJPUR,2011,Autumn     ,436.0,699.0
Bihar,BHOJPUR,2011,Summer     ,8.0,12.0
Bihar,BHOJPUR,2011,Winter     ,105902.0,349737.0
Bihar,BHOJPUR,2012,Autumn     ,350.0,624.0
Bihar,BHOJPUR,2012,Summer     ,8.0,19.0
Bihar,BHOJPUR,2012,Winter     ,104976.0,359335.0
Bihar,BHOJPUR,2013,Autumn     ,164.0,224.0
Bihar,BHOJPUR,2013,Winter     ,99679.0,283162.0
Bihar,BHOJPUR,2014,Autumn     ,41.0,71.0
Bihar,BHOJPUR,2014,Winter     ,99721.0,287766.0
Bihar,BUXAR,2010,Winter     ,54724.0,95829.0
Bihar,BUXAR,2011,Autumn     ,6.0,9.0
Bihar,BUXAR,2011,Winter     ,73252.0,258125.0
Bihar,BUXAR,2012,Winter     ,72105.0,253840.0
Bihar,BUXAR,2013,Autumn     ,2.0,3.0
Bihar,BUXAR,2013,Winter     ,81390.0,250241.0
Bihar,BUXAR,2014,Autumn     ,2.0,3.0
Bihar,BUXAR,2014,Winter     ,82231.0,228890.0
Bihar,DARBHANGA,2010,Autumn     ,32930.0,32889.0
Bihar,DARBHANGA,2010,Summer     ,2317.0,3819.0
Bihar,DARBHANGA,2010,Winter     ,42986.0,38326.0
Bihar,DARBHANGA,2011,Autumn     ,37063.0,61962.0
Bihar,DARBHANGA,2011,Summer     ,2299.0,3709.0
Bihar,DARBHANGA,2011,Winter     ,24121.0,48821.0
Bihar,DARBHANGA,2012,Autumn     ,36524.0,58586.0
Bihar,DARBHANGA,2012,Summer     ,2292.0,4609.0
Bihar,DARBHANGA,2012,Winter     ,25511.0,41262.0
Bihar,DARBHANGA,2013,Autumn     ,33995.0,58523.0
Bihar,DARBHANGA,2013,Summer     ,2302.0,4198.0
Bihar,DARBHANGA,2013,Winter     ,43366.0,62268.0
Bihar,DARBHANGA,2014,Autumn     ,33535.0,51141.0
Bihar,DARBHANGA,2014,Summer     ,2301.0,3889.0
Bihar,DARBHANGA,2014,Winter     ,43145.0,79747.0
Bihar,GAYA,2010,Autumn     ,28.0,27.0
Bihar,GAYA,2010,Summer     ,15.0,28.0
Bihar,GAYA,2010,Winter     ,48819.0,53247.0
Bihar,GAYA,2011,Autumn     ,33.0,53.0
Bihar,GAYA,2011,Summer     ,13.0,19.0
Bihar,GAYA,2011,Winter     ,88194.0,284176.0
Bihar,GAYA,2012,Autumn     ,360.0,640.0
Bihar,GAYA,2012,Summer     ,13.0,30.0
Bihar,GAYA,2012,Winter     ,124432.0,407456.0
Bihar,GAYA,2013,Autumn     ,196.0,302.0
Bihar,GAYA,2013,Winter     ,60920.0,120922.0
Bihar,GAYA,2014,Autumn     ,1351.0,2349.0
Bihar,GAYA,2014,Winter     ,104005.0,335997.0
Bihar,GOPALGANJ,2010,Autumn     ,62233.0,62637.0
Bihar,GOPALGANJ,2010,Winter     ,26336.0,21453.0
Bihar,GOPALGANJ,2011,Autumn     ,60607.0,111917.0
Bihar,GOPALGANJ,2011,Winter     ,29790.0,72625.0
Bihar,GOPALGANJ,2012,Autumn     ,58866.0,127353.0
Bihar,GOPALGANJ,2012,Winter     ,28816.0,82729.0
Bihar,GOPALGANJ,2013,Autumn     ,54642.0,87882.0
Bihar,GOPALGANJ,2013,Winter     ,30239.0,45090.0
Bihar,GOPALGANJ,2014,Autumn     ,55887.0,104540.0
Bihar,GOPALGANJ,2014,Winter     ,28891.0,61283.0
Bihar,JAMUI,2010,Autumn     ,24.0,26.0
Bihar,JAMUI,2010,Winter     ,35742.0,14950.0
Bihar,JAMUI,2011,Autumn     ,27.0,43.0
Bihar,JAMUI,2011,Winter     ,49101.0,102308.0
Bihar,JAMUI,2012,Autumn     ,24.0,30.0
Bihar,JAMUI,2012,Winter     ,49939.0,73285.0
Bihar,JAMUI,2013,Autumn     ,23.0,28.0
Bihar,JAMUI,2013,Winter     ,50321.0,91599.0
Bihar,JAMUI,2014,Winter     ,42837.0,87453.0
Bihar,JEHANABAD,2010,Winter     ,11502.0,15067.0
Bihar,JEHANABAD,2011,Winter     ,53698.0,151552.0
Bihar,JEHANABAD,2012,Winter     ,54368.0,207869.0
Bihar,JEHANABAD,2013,Winter     ,42526.0,118972.0
Bihar,JEHANABAD,2014,Winter     ,35877.0,118140.0
Bihar,KAIMUR (BHABUA),2010,Autumn     ,213.0,221.0
Bihar,KAIMUR (BHABUA),2010,Winter     ,94628.0,171037.0
Bihar,KAIMUR (BHABUA),2011,Winter     ,110903.0,387340.0
Bihar,KAIMUR (BHABUA),2012,Winter     ,102114.0,393863.0
Bihar,KAIMUR (BHABUA),2013,Winter     ,115422.0,380460.0
Bihar,KAIMUR (BHABUA),2014,Winter     ,102380.0,281879.0
Bihar,KATIHAR,2010,Autumn     ,11293.0,12850.0
Bihar,KATIHAR,2010,Summer     ,28956.0,59206.0
Bihar,KATIHAR,2010,Winter     ,54686.0,77074.0
Bihar,KATIHAR,2011,Autumn     ,13886.0,24471.0
Bihar,KATIHAR,2011,Summer     ,27002.0,50404.0
Bihar,KATIHAR,2011,Winter     ,62759.0,134098.0
Bihar,KATIHAR,2012,Autumn     ,13609.0,32194.0
Bihar,KATIHAR,2012,Summer     ,28859.0,86172.0
Bihar,KATIHAR,2012,Winter     ,58252.0,204658.0
Bihar,KATIHAR,2013,Autumn     ,13686.0,33142.0
Bihar,KATIHAR,2013,Summer     ,29028.0,76672.0
Bihar,KATIHAR,2013,Winter     ,58294.0,172303.0
Bihar,KATIHAR,2014,Autumn     ,20966.0,56210.0
Bihar,KATIHAR,2014,Summer     ,28477.0,69243.0
Bihar,KATIHAR,2014,Winter     ,56511.0,154124.0
Bihar,KHAGARIA,2010,Autumn     ,9487.0,7594.0
Bihar,KHAGARIA,2010,Summer     ,73.0,138.0
Bihar,KHAGARIA,2010,Winter     ,15034.0,5670.0
Bihar,KHAGARIA,2011,Autumn     ,9386.0,9263.0
Bihar,KHAGARIA,2011,Summer     ,91.0,137.0
Bihar,KHAGARIA,2011,Winter     ,10968.0,20628.0
Bihar,KHAGARIA,2012,Autumn     ,7524.0,9400.0
Bihar,KHAGARIA,2012,Summer     ,91.0,209.0
Bihar,KHAGARIA,2012,Winter     ,12914.0,28515.0
Bihar,KHAGARIA,2013,Autumn     ,10098.0,6789.0
Bihar,KHAGARIA,2013,Summer     ,206.0,477.0
Bihar,KHAGARIA,2013,Winter     ,11452.0,15872.0
Bihar,KHAGARIA,2014,Autumn     ,10094.0,9540.0
Bihar,KHAGARIA,2014,Summer     ,208.0,427.0
Bihar,KHAGARIA,2014,Winter     ,13476.0,29511.0
Bihar,KISHANGANJ,2010,Autumn     ,2356.0,1239.0
Bihar,KISHANGANJ,2010,Summer     ,12618.0,24030.0
Bihar,KISHANGANJ,2010,Winter     ,63423.0,56438.0
Bihar,KISHANGANJ,2011,Autumn     ,2165.0,2133.0
Bihar,KISHANGANJ,2011,Summer     ,12599.0,23704.0
Bihar,KISHANGANJ,2011,Winter     ,64174.0,142553.0
Bihar,KISHANGANJ,2012,Autumn     ,1955.0,898.0
Bihar,KISHANGANJ,2012,Summer     ,12896.0,28017.0
Bihar,KISHANGANJ,2012,Winter     ,68045.0,85570.0
Bihar,KISHANGANJ,2013,Autumn     ,1797.0,4422.0
Bihar,KISHANGANJ,2013,Summer     ,13122.0,32701.0
Bihar,KISHANGANJ,2013,Winter     ,69208.0,170130.0
Bihar,KISHANGANJ,2014,Autumn     ,1771.0,2787.0
Bihar,KISHANGANJ,2014,Summer     ,13010.0,34113.0
Bihar,KISHANGANJ,2014,Winter     ,62836.0,184220.0
Bihar,LAKHISARAI,2010,Winter     ,3483.0,1545.0
Bihar,LAKHISARAI,2011,Winter     ,17115.0,32877.0
Bihar,LAKHISARAI,2012,Winter     ,13525.0,47383.0
Bihar,LAKHISARAI,2013,Winter     ,15654.0,33472.0
Bihar,LAKHISARAI,2014,Winter     ,15866.0,58519.0
Bihar,MADHEPURA,2010,Autumn     ,16993.0,18868.0
Bihar,MADHEPURA,2010,Summer     ,475.0,837.0
Bihar,MADHEPURA,2010,Winter     ,59202.0,41664.0
Bihar,MADHEPURA,2011,Autumn     ,12134.0,10601.0
Bihar,MADHEPURA,2011,Summer     ,914.0,1495.0
Bihar,MADHEPURA,2011,Winter     ,58184.0,88064.0
Bihar,MADHEPURA,2012,Autumn     ,11434.0,18153.0
Bihar,MADHEPURA,2012,Summer     ,914.0,1685.0
Bihar,MADHEPURA,2012,Winter     ,56918.0,149734.0
Bihar,MADHEPURA,2013,Autumn     ,18873.0,28752.0
Bihar,MADHEPURA,2013,Summer     ,1930.0,3905.0
Bihar,MADHEPURA,2013,Winter     ,53961.0,78394.0
Bihar,MADHEPURA,2014,Autumn     ,17032.0,34849.0
Bihar,MADHEPURA,2014,Summer     ,1254.0,1727.0
Bihar,MADHEPURA,2014,Winter     ,52568.0,117196.0
Bihar,MADHUBANI,2010,Autumn     ,42514.0,28004.0
Bihar,MADHUBANI,2010,Summer     ,2091.0,3811.0
Bihar,MADHUBANI,2010,Winter     ,135046.0,69524.0
Bihar,MADHUBANI,2011,Autumn     ,43649.0,76386.0
Bihar,MADHUBANI,2011,Summer     ,2067.0,3772.0
Bihar,MADHUBANI,2011,Winter     ,133334.0,212613.0
Bihar,MADHUBANI,2012,Autumn     ,43215.0,58130.0
Bihar,MADHUBANI,2012,Summer     ,7504.0,16052.0
Bihar,MADHUBANI,2012,Winter     ,122955.0,115615.0
Bihar,MADHUBANI,2013,Autumn     ,43805.0,34844.0
Bihar,MADHUBANI,2013,Summer     ,6908.0,14024.0
Bihar,MADHUBANI,2013,Winter     ,125361.0,112720.0
Bihar,MADHUBANI,2014,Autumn     ,85245.0,123515.0
Bihar,MADHUBANI,2014,Summer     ,7230.0,12606.0
Bihar,MADHUBANI,2014,Winter     ,115911.0,188450.0
Bihar,MUNGER,2010,Summer     ,89.0,170.0
Bihar,MUNGER,2010,Winter     ,25936.0,11615.0
Bihar,MUNGER,2011,Summer     ,91.0,160.0
Bihar,MUNGER,2011,Winter     ,29276.0,62158.0
Bihar,MUNGER,2012,Autumn     ,1.0,2.0
Bihar,MUNGER,2012,Summer     ,91.0,233.0
Bihar,MUNGER,2012,Winter     ,26687.0,75051.0
Bihar,MUNGER,2013,Autumn     ,10.0,9.0
Bihar,MUNGER,2013,Summer     ,270.0,630.0
Bihar,MUNGER,2013,Winter     ,25361.0,65571.0
Bihar,MUNGER,2014,Autumn     ,24.0,42.0
Bihar,MUNGER,2014,Summer     ,270.0,583.0
Bihar,MUNGER,2014,Winter     ,21962.0,61164.0
Bihar,MUZAFFARPUR,2010,Autumn     ,16857.0,11821.0
Bihar,MUZAFFARPUR,2010,Summer     ,260.0,439.0
Bihar,MUZAFFARPUR,2010,Winter     ,103038.0,48254.0
Bihar,MUZAFFARPUR,2011,Autumn     ,16700.0,27957.0
Bihar,MUZAFFARPUR,2011,Summer     ,69.0,125.0
Bihar,MUZAFFARPUR,2011,Winter     ,115913.0,274156.0
Bihar,MUZAFFARPUR,2012,Autumn     ,16688.0,33833.0
Bihar,MUZAFFARPUR,2012,Summer     ,219.0,502.0
Bihar,MUZAFFARPUR,2012,Winter     ,100602.0,221794.0
Bihar,MUZAFFARPUR,2013,Autumn     ,19698.0,6775.0
Bihar,MUZAFFARPUR,2013,Summer     ,241.0,567.0
Bihar,MUZAFFARPUR,2013,Winter     ,111168.0,92726.0
Bihar,MUZAFFARPUR,2014,Autumn     ,31319.0,69515.0
Bihar,MUZAFFARPUR,2014,Summer     ,160.0,361.0
Bihar,MUZAFFARPUR,2014,Winter     ,108886.0,215461.0
Bihar,NALANDA,2010,Summer     ,90.0,175.0
Bihar,NALANDA,2010,Winter     ,68335.0,74082.0
Bihar,NALANDA,2011,Autumn     ,303.0,482.0
Bihar,NALANDA,2011,Winter     ,126188.0,347211.0
Bihar,NALANDA,2012,Winter     ,112084.0,281071.0
Bihar,NALANDA,2013,Winter     ,49395.0,112398.0
Bihar,NALANDA,2014,Autumn     ,12.0,21.0
Bihar,NALANDA,2014,Winter     ,83935.0,217083.0
Bihar,NAWADA,2010,Winter     ,44412.0,45968.0
Bihar,NAWADA,2011,Winter     ,66269.0,194741.0
Bihar,NAWADA,2012,Winter     ,64792.0,187882.0
Bihar,NAWADA,2013,Autumn     ,2560.0,3528.0
Bihar,NAWADA,2013,Winter     ,60716.0,128628.0
Bihar,NAWADA,2014,Autumn     ,174.0,302.0
Bihar,NAWADA,2014,Winter     ,77055.0,236713.0
Bihar,PASHCHIM CHAMPARAN,2010,Autumn     ,33623.0,38155.0
Bihar,PASHCHIM CHAMPARAN,2010,Summer     ,2447.0,4320.0
Bihar,PASHCHIM CHAMPARAN,2010,Winter     ,93308.0,117436.0
Bihar,PASHCHIM CHAMPARAN,2011,Autumn     ,52990.0,104671.0
Bihar,PASHCHIM CHAMPARAN,2011,Summer     ,273.0,447.0
Bihar,PASHCHIM CHAMPARAN,2011,Winter     ,119953.0,311459.0
Bihar,PASHCHIM CHAMPARAN,2012,Autumn     ,47432.0,91581.0
Bihar,PASHCHIM CHAMPARAN,2012,Summer     ,1581.0,3634.0
Bihar,PASHCHIM CHAMPARAN,2012,Winter     ,114897.0,265446.0
Bihar,PASHCHIM CHAMPARAN,2013,Autumn     ,48010.0,93968.0
Bihar,PASHCHIM CHAMPARAN,2013,Summer     ,189.0,437.0
Bihar,PASHCHIM CHAMPARAN,2013,Winter     ,114420.0,239053.0
Bihar,PASHCHIM CHAMPARAN,2014,Autumn     ,43085.0,78658.0
Bihar,PASHCHIM CHAMPARAN,2014,Summer     ,172.0,353.0
Bihar,PASHCHIM CHAMPARAN,2014,Winter     ,109718.0,289137.0
Bihar,PATNA,2010,Autumn     ,67.0,69.0
Bihar,PATNA,2010,Winter     ,47600.0,61184.0
Bihar,PATNA,2011,Autumn     ,142.0,227.0
Bihar,PATNA,2011,Winter     ,59972.0,167097.0
Bihar,PATNA,2012,Autumn     ,79.0,142.0
Bihar,PATNA,2012,Summer     ,8.0,19.0
Bihar,PATNA,2012,Winter     ,59749.0,191817.0
Bihar,PATNA,2013,Autumn     ,334.0,514.0
Bihar,PATNA,2013,Winter     ,56400.0,136956.0
Bihar,PATNA,2014,Autumn     ,185.0,321.0
Bihar,PATNA,2014,Winter     ,63475.0,162800.0
Bihar,PURBI CHAMPARAN,2010,Autumn     ,72657.0,45367.0
Bihar,PURBI CHAMPARAN,2010,Summer     ,116.0,196.0
Bihar,PURBI CHAMPARAN,2010,Winter     ,59497.0,36874.0
Bihar,PURBI CHAMPARAN,2011,Autumn     ,104312.0,149366.0
Bihar,PURBI CHAMPARAN,2011,Winter     ,89030.0,235226.0
Bihar,PURBI CHAMPARAN,2012,Autumn     ,98697.0,191087.0
Bihar,PURBI CHAMPARAN,2012,Winter     ,90111.0,162854.0
Bihar,PURBI CHAMPARAN,2013,Autumn     ,99601.0,144040.0
Bihar,PURBI CHAMPARAN,2013,Winter     ,89883.0,91745.0
Bihar,PURBI CHAMPARAN,2014,Autumn     ,103184.0,166134.0
Bihar,PURBI CHAMPARAN,2014,Winter     ,96376.0,181633.0
Bihar,PURNIA,2010,Autumn     ,15293.0,24455.0
Bihar,PURNIA,2010,Summer     ,10256.0,19056.0
Bihar,PURNIA,2010,Winter     ,66641.0,73480.0
Bihar,PURNIA,2011,Autumn     ,13084.0,15026.0
Bihar,PURNIA,2011,Summer     ,10918.0,19585.0
Bihar,PURNIA,2011,Winter     ,74027.0,160944.0
Bihar,PURNIA,2012,Autumn     ,10937.0,14470.0
Bihar,PURNIA,2012,Summer     ,10674.0,21399.0
Bihar,PURNIA,2012,Winter     ,73753.0,152083.0
Bihar,PURNIA,2013,Autumn     ,10583.0,19861.0
Bihar,PURNIA,2013,Summer     ,10247.0,21956.0
Bihar,PURNIA,2013,Winter     ,73753.0,135463.0
Bihar,PURNIA,2014,Autumn     ,9483.0,18508.0
Bihar,PURNIA,2014,Summer     ,9893.0,24699.0
Bihar,PURNIA,2014,Winter     ,66101.0,185906.0
Bihar,ROHTAS,2010,Autumn     ,107.0,105.0
Bihar,ROHTAS,2010,Summer     ,20.0,38.0
Bihar,ROHTAS,2010,Winter     ,173199.0,286390.0
Bihar,ROHTAS,2011,Autumn     ,68.0,108.0
Bihar,ROHTAS,2011,Summer     ,21.0,31.0
Bihar,ROHTAS,2011,Winter     ,170103.0,736122.0
Bihar,ROHTAS,2012,Autumn     ,71.0,125.0
Bihar,ROHTAS,2012,Summer     ,21.0,48.0
Bihar,ROHTAS,2012,Winter     ,179105.0,718964.0
Bihar,ROHTAS,2013,Autumn     ,18.0,24.0
Bihar,ROHTAS,2013,Winter     ,197127.0,776174.0
Bihar,ROHTAS,2014,Winter     ,196508.0,820981.0
Bihar,SAHARSA,2010,Autumn     ,21563.0,28162.0
Bihar,SAHARSA,2010,Summer     ,2615.0,4710.0
Bihar,SAHARSA,2010,Winter     ,68140.0,67724.0
Bihar,SAHARSA,2011,Autumn     ,26055.0,44660.0
Bihar,SAHARSA,2011,Summer     ,2654.0,5187.0
Bihar,SAHARSA,2011,Winter     ,69733.0,140957.0
Bihar,SAHARSA,2012,Autumn     ,22565.0,19541.0
Bihar,SAHARSA,2012,Summer     ,2182.0,3887.0
Bihar,SAHARSA,2012,Winter     ,75385.0,168440.0
Bihar,SAHARSA,2013,Autumn     ,21084.0,35767.0
Bihar,SAHARSA,2013,Summer     ,2303.0,5164.0
Bihar,SAHARSA,2013,Winter     ,74061.0,107811.0
Bihar,SAHARSA,2014,Autumn     ,22635.0,34881.0
Bihar,SAHARSA,2014,Summer     ,816.0,1055.0
Bihar,SAHARSA,2014,Winter     ,66869.0,130436.0
Bihar,SAMASTIPUR,2010,Autumn     ,35239.0,24730.0
Bihar,SAMASTIPUR,2010,Summer     ,893.0,773.0
Bihar,SAMASTIPUR,2010,Winter     ,52302.0,21553.0
Bihar,SAMASTIPUR,2011,Autumn     ,52016.0,100877.0
Bihar,SAMASTIPUR,2011,Winter     ,57253.0,122096.0
Bihar,SAMASTIPUR,2012,Autumn     ,52016.0,77603.0
Bihar,SAMASTIPUR,2012,Winter     ,40544.0,88148.0
Bihar,SAMASTIPUR,2013,Autumn     ,37527.0,45971.0
Bihar,SAMASTIPUR,2013,Summer     ,1210.0,2070.0
Bihar,SAMASTIPUR,2013,Winter     ,55454.0,64958.0
Bihar,SAMASTIPUR,2014,Autumn     ,33234.0,69706.0
Bihar,SAMASTIPUR,2014,Summer     ,2768.0,4214.0
Bihar,SAMASTIPUR,2014,Winter     ,52867.0,112523.0
Bihar,SARAN,2010,Autumn     ,5872.0,6406.0
Bihar,SARAN,2010,Summer     ,286.0,556.0
Bihar,SARAN,2010,Winter     ,65124.0,82372.0
Bihar,SARAN,2011,Autumn     ,2913.0,4948.0
Bihar,SARAN,2011,Summer     ,273.0,547.0
Bihar,SARAN,2011,Winter     ,74486.0,130617.0
Bihar,SARAN,2012,Autumn     ,479.0,1008.0
Bihar,SARAN,2012,Summer     ,273.0,772.0
Bihar,SARAN,2012,Winter     ,70129.0,164814.0
Bihar,SARAN,2013,Autumn     ,1261.0,2075.0
Bihar,SARAN,2013,Summer     ,2855.0,6653.0
Bihar,SARAN,2013,Winter     ,70608.0,121823.0
Bihar,SARAN,2014,Autumn     ,910.0,1831.0
Bihar,SARAN,2014,Winter     ,71635.0,162891.0
Bihar,SHEIKHPURA,2010,Winter     ,8856.0,4205.0
Bihar,SHEIKHPURA,2011,Autumn     ,63.0,95.0
Bihar,SHEIKHPURA,2011,Winter     ,30870.0,69605.0
Bihar,SHEIKHPURA,2012,Winter     ,22773.0,70540.0
Bihar,SHEIKHPURA,2013,Winter     ,14782.0,36825.0
Bihar,SHEIKHPURA,2014,Winter     ,26738.0,101864.0
Bihar,SHEOHAR,2010,Autumn     ,7514.0,3796.0
Bihar,SHEOHAR,2010,Winter     ,20213.0,3845.0
Bihar,SHEOHAR,2011,Autumn     ,8075.0,24198.0
Bihar,SHEOHAR,2011,Winter     ,21727.0,51917.0
Bihar,SHEOHAR,2012,Autumn     ,5288.0,12878.0
Bihar,SHEOHAR,2012,Winter     ,19442.0,40001.0
Bihar,SHEOHAR,2013,Autumn     ,5220.0,7208.0
Bihar,SHEOHAR,2013,Winter     ,18443.0,15867.0
Bihar,SHEOHAR,2014,Autumn     ,4813.0,11420.0
Bihar,SHEOHAR,2014,Winter     ,18076.0,30595.0
Bihar,SITAMARHI,2010,Autumn     ,27152.0,13523.0
Bihar,SITAMARHI,2010,Summer     ,9.0,20.0
Bihar,SITAMARHI,2010,Winter     ,80271.0,24195.0
Bihar,SITAMARHI,2011,Autumn     ,20355.0,27816.0
Bihar,SITAMARHI,2011,Summer     ,10.0,18.0
Bihar,SITAMARHI,2011,Winter     ,84551.0,141168.0
Bihar,SITAMARHI,2012,Autumn     ,16077.0,29416.0
Bihar,SITAMARHI,2012,Summer     ,10.0,28.0
Bihar,SITAMARHI,2012,Winter     ,90250.0,199899.0
Bihar,SITAMARHI,2013,Autumn     ,16932.0,8056.0
Bihar,SITAMARHI,2013,Winter     ,82462.0,86051.0
Bihar,SITAMARHI,2014,Autumn     ,14227.0,19776.0
Bihar,SITAMARHI,2014,Winter     ,82362.0,162225.0
Bihar,SIWAN,2010,Autumn     ,21982.0,17101.0
Bihar,SIWAN,2010,Winter     ,65639.0,61884.0
Bihar,SIWAN,2011,Autumn     ,29219.0,45854.0
Bihar,SIWAN,2011,Winter     ,74099.0,151507.0
Bihar,SIWAN,2012,Autumn     ,30915.0,61901.0
Bihar,SIWAN,2012,Summer     ,9.0,21.0
Bihar,SIWAN,2012,Winter     ,72206.0,160728.0
Bihar,SIWAN,2013,Autumn     ,29007.0,45157.0
Bihar,SIWAN,2013,Summer     ,29.0,67.0
Bihar,SIWAN,2013,Winter     ,65079.0,113031.0
Bihar,SIWAN,2014,Autumn     ,28045.0,63934.0
Bihar,SIWAN,2014,Summer     ,28.0,57.0
Bihar,SIWAN,2014,Winter     ,64555.0,126893.0
Bihar,SUPAUL,2010,Autumn     ,22177.0,31278.0
Bihar,SUPAUL,2010,Summer     ,6196.0,12124.0
Bihar,SUPAUL,2010,Winter     ,62055.0,70708.0
Bihar,SUPAUL,2011,Autumn     ,33647.0,29926.0
Bihar,SUPAUL,2011,Summer     ,6197.0,8966.0
Bihar,SUPAUL,2011,Winter     ,58119.0,102423.0
Bihar,SUPAUL,2012,Autumn     ,33647.0,56306.0
Bihar,SUPAUL,2012,Summer     ,6197.0,11750.0
Bihar,SUPAUL,2012,Winter     ,58119.0,85302.0
Bihar,SUPAUL,2013,Autumn     ,32441.0,49310.0
Bihar,SUPAUL,2013,Summer     ,11049.0,21822.0
Bihar,SUPAUL,2013,Winter     ,54942.0,96717.0
Bihar,SUPAUL,2014,Autumn     ,28287.0,42780.0
Bihar,SUPAUL,2014,Summer     ,6092.0,8341.0
Bihar,SUPAUL,2014,Winter     ,77698.0,149839.0
Bihar,VAISHALI,2010,Autumn     ,4650.0,2590.0
Bihar,VAISHALI,2010,Summer     ,157.0,265.0
Bihar,VAISHALI,2010,Winter     ,33233.0,22677.0
Bihar,VAISHALI,2011,Autumn     ,7522.0,11307.0
Bihar,VAISHALI,2011,Summer     ,151.0,275.0
Bihar,VAISHALI,2011,Winter     ,38432.0,92937.0
Bihar,VAISHALI,2012,Autumn     ,7820.0,18287.0
Bihar,VAISHALI,2012,Summer     ,151.0,427.0
Bihar,VAISHALI,2012,Winter     ,38381.0,93187.0
Bihar,VAISHALI,2013,Autumn     ,4298.0,3684.0
Bihar,VAISHALI,2013,Summer     ,686.0,1609.0
Bihar,VAISHALI,2013,Winter     ,35229.0,53367.0
Bihar,VAISHALI,2014,Autumn     ,5925.0,6254.0
Bihar,VAISHALI,2014,Summer     ,681.0,1519.0
Bihar,VAISHALI,2014,Winter     ,39578.0,90475.0
Chandigarh,CHANDIGARH,2010,Kharif     ,20.0,103.0
Chhattisgarh,BALOD,2011,Kharif     ,177115.0,327525.0
Chhattisgarh,BALOD,2012,Kharif     ,177182.0,357486.0
Chhattisgarh,BALOD,2013,Kharif     ,181677.0,291899.0
Chhattisgarh,BALOD,2014,Kharif     ,183795.0,348670.0
Chhattisgarh,BALODA BAZAR,2011,Kharif     ,225302.0,264652.0
Chhattisgarh,BALODA BAZAR,2012,Kharif     ,222135.0,382025.0
Chhattisgarh,BALODA BAZAR,2013,Kharif     ,223120.0,324941.0
Chhattisgarh,BALODA BAZAR,2014,Kharif     ,238360.0,383684.0
Chhattisgarh,BALRAMPUR,2011,Kharif     ,81931.0,112272.0
Chhattisgarh,BALRAMPUR,2012,Kharif     ,78612.0,153034.0
Chhattisgarh,BALRAMPUR,2013,Kharif     ,76789.0,128716.0
Chhattisgarh,BALRAMPUR,2014,Kharif     ,84190.0,153462.0
Chhattisgarh,BASTAR,2010,Kharif     ,239376.0,401486.0
Chhattisgarh,BASTAR,2011,Kharif     ,136930.0,145313.0
Chhattisgarh,BASTAR,2012,Kharif     ,137609.0,244700.0
Chhattisgarh,BASTAR,2013,Kharif     ,137727.0,229306.0
Chhattisgarh,BASTAR,2014,Kharif     ,132393.0,241480.0
Chhattisgarh,BEMETARA,2011,Kharif     ,155499.0,271535.0
Chhattisgarh,BEMETARA,2012,Kharif     ,154451.0,266542.0
Chhattisgarh,BEMETARA,2013,Kharif     ,156979.0,231018.0
Chhattisgarh,BEMETARA,2014,Kharif     ,160884.0,274799.0
Chhattisgarh,BIJAPUR,2010,Kharif     ,59639.0,127052.0
Chhattisgarh,BIJAPUR,2011,Kharif     ,55919.0,79528.0
Chhattisgarh,BIJAPUR,2012,Kharif     ,60841.0,115818.0
Chhattisgarh,BIJAPUR,2013,Kharif     ,61635.0,99211.0
Chhattisgarh,BIJAPUR,2014,Kharif     ,61565.0,115289.0
Chhattisgarh,BILASPUR,2010,Kharif     ,329117.0,551672.0
Chhattisgarh,BILASPUR,2011,Kharif     ,224564.0,412102.0
Chhattisgarh,BILASPUR,2012,Kharif     ,219766.0,436557.0
Chhattisgarh,BILASPUR,2013,Kharif     ,222487.0,459300.0
Chhattisgarh,BILASPUR,2014,Kharif     ,227579.0,456491.0
Chhattisgarh,DANTEWADA,2010,Kharif     ,137791.0,261296.0
Chhattisgarh,DANTEWADA,2011,Kharif     ,66335.0,84423.0
Chhattisgarh,DANTEWADA,2012,Kharif     ,67846.0,164816.0
Chhattisgarh,DANTEWADA,2013,Kharif     ,68153.0,112922.0
Chhattisgarh,DANTEWADA,2014,Kharif     ,70366.0,131262.0
Chhattisgarh,DHAMTARI,2010,Kharif     ,168855.0,395133.0
Chhattisgarh,DHAMTARI,2011,Kharif     ,162439.0,405071.0
Chhattisgarh,DHAMTARI,2012,Kharif     ,185013.0,489332.0
Chhattisgarh,DHAMTARI,2013,Kharif     ,194750.0,436199.0
Chhattisgarh,DHAMTARI,2014,Kharif     ,198148.0,620402.0
Chhattisgarh,DURG,2010,Kharif     ,462087.0,844764.0
Chhattisgarh,DURG,2011,Kharif     ,129502.0,248913.0
Chhattisgarh,DURG,2012,Kharif     ,129784.0,296124.0
Chhattisgarh,DURG,2013,Kharif     ,130671.0,253696.0
Chhattisgarh,DURG,2014,Kharif     ,130467.0,242048.0
Chhattisgarh,GARIYABAND,2011,Kharif     ,134895.0,154339.0
Chhattisgarh,GARIYABAND,2012,Kharif     ,131879.0,206342.0
Chhattisgarh,GARIYABAND,2013,Kharif     ,134290.0,198730.0
Chhattisgarh,GARIYABAND,2014,Kharif     ,139889.0,237276.0
Chhattisgarh,JANJGIR-CHAMPA,2010,Kharif     ,254778.0,659384.0
Chhattisgarh,JANJGIR-CHAMPA,2011,Kharif     ,279492.0,734839.0
Chhattisgarh,JANJGIR-CHAMPA,2012,Kharif     ,281528.0,847944.0
Chhattisgarh,JANJGIR-CHAMPA,2013,Kharif     ,257816.0,742522.0
Chhattisgarh,JANJGIR-CHAMPA,2014,Kharif     ,253667.0,802349.0
Chhattisgarh,JASHPUR,2010,Kharif     ,179402.0,247335.0
Chhattisgarh,JASHPUR,2011,Kharif     ,180163.0,267743.0
Chhattisgarh,JASHPUR,2012,Kharif     ,182433.0,278298.0
Chhattisgarh,JASHPUR,2013,Kharif     ,180506.0,277510.0
Chhattisgarh,JASHPUR,2014,Kharif     ,180700.0,290404.0
Chhattisgarh,KABIRDHAM,2010,Kharif     ,95739.0,151006.0
Chhattisgarh,KABIRDHAM,2011,Kharif     ,95695.0,155004.0
Chhattisgarh,KABIRDHAM,2012,Kharif     ,95853.0,142900.0
Chhattisgarh,KABIRDHAM,2013,Kharif     ,96026.0,127776.0
Chhattisgarh,KABIRDHAM,2014,Kharif     ,102157.0,138630.0
Chhattisgarh,KANKER,2010,Kharif     ,173596.0,385716.0
Chhattisgarh,KANKER,2011,Kharif     ,173669.0,241055.0
Chhattisgarh,KANKER,2012,Kharif     ,174398.0,452378.0
Chhattisgarh,KANKER,2013,Kharif     ,177529.0,431585.0
Chhattisgarh,KANKER,2014,Kharif     ,178689.0,477197.0
Chhattisgarh,KONDAGAON,2011,Kharif     ,99670.0,105332.0
Chhattisgarh,KONDAGAON,2012,Kharif     ,99796.0,172562.0
Chhattisgarh,KONDAGAON,2013,Kharif     ,100277.0,181999.0
Chhattisgarh,KONDAGAON,2014,Kharif     ,100383.0,193520.0
Chhattisgarh,KORBA,2010,Kharif     ,109207.0,130510.0
Chhattisgarh,KORBA,2011,Kharif     ,109052.0,151705.0
Chhattisgarh,KORBA,2012,Kharif     ,109252.0,175010.0
Chhattisgarh,KORBA,2013,Kharif     ,109179.0,150499.0
Chhattisgarh,KORBA,2014,Kharif     ,109135.0,164065.0
Chhattisgarh,KOREA,2010,Kharif     ,67867.0,73896.0
Chhattisgarh,KOREA,2011,Kharif     ,69804.0,104657.0
Chhattisgarh,KOREA,2012,Kharif     ,69533.0,122289.0
Chhattisgarh,KOREA,2013,Kharif     ,69767.0,112577.0
Chhattisgarh,KOREA,2014,Kharif     ,73095.0,130407.0
Chhattisgarh,MAHASAMUND,2010,Kharif     ,266738.0,486688.0
Chhattisgarh,MAHASAMUND,2011,Kharif     ,266270.0,377333.0
Chhattisgarh,MAHASAMUND,2012,Kharif     ,270962.0,521880.0
Chhattisgarh,MAHASAMUND,2013,Kharif     ,271381.0,474504.0
Chhattisgarh,MAHASAMUND,2014,Kharif     ,272551.0,510063.0
Chhattisgarh,MUNGELI,2011,Kharif     ,108233.0,213753.0
Chhattisgarh,MUNGELI,2012,Kharif     ,108920.0,245868.0
Chhattisgarh,MUNGELI,2013,Kharif     ,108812.0,187778.0
Chhattisgarh,MUNGELI,2014,Kharif     ,108824.0,220811.0
Chhattisgarh,NARAYANPUR,2010,Kharif     ,29917.0,51571.0
Chhattisgarh,NARAYANPUR,2011,Kharif     ,23961.0,26115.0
Chhattisgarh,NARAYANPUR,2012,Kharif     ,24207.0,34894.0
Chhattisgarh,NARAYANPUR,2013,Kharif     ,24627.0,39302.0
Chhattisgarh,NARAYANPUR,2014,Kharif     ,24856.0,44005.0
Chhattisgarh,RAIGARH,2010,Kharif     ,240388.0,336652.0
Chhattisgarh,RAIGARH,2011,Kharif     ,241162.0,334923.0
Chhattisgarh,RAIGARH,2012,Kharif     ,240220.0,362982.0
Chhattisgarh,RAIGARH,2013,Kharif     ,237928.0,303252.0
Chhattisgarh,RAIGARH,2014,Kharif     ,228200.0,367385.0
Chhattisgarh,RAIPUR,2010,Kharif     ,545965.0,771395.0
Chhattisgarh,RAIPUR,2011,Kharif     ,169099.0,219975.0
Chhattisgarh,RAIPUR,2012,Kharif     ,183690.0,375108.0
Chhattisgarh,RAIPUR,2013,Kharif     ,185684.0,314837.0
Chhattisgarh,RAIPUR,2014,Kharif     ,186042.0,376312.0
Chhattisgarh,RAJNANDGAON,2010,Kharif     ,274412.0,438569.0
Chhattisgarh,RAJNANDGAON,2011,Kharif     ,276480.0,458453.0
Chhattisgarh,RAJNANDGAON,2012,Kharif     ,277609.0,512609.0
Chhattisgarh,RAJNANDGAON,2013,Kharif     ,281928.0,428897.0
Chhattisgarh,RAJNANDGAON,2014,Kharif     ,287194.0,480285.0
Chhattisgarh,SUKMA,2011,Kharif     ,71239.0,91114.0
Chhattisgarh,SUKMA,2012,Kharif     ,73085.0,156158.0
Chhattisgarh,SUKMA,2013,Kharif     ,72828.0,171578.0
Chhattisgarh,SUKMA,2014,Kharif     ,78438.0,174280.0
Chhattisgarh,SURAJPUR,2011,Kharif     ,107505.0,148323.0
Chhattisgarh,SURAJPUR,2012,Kharif     ,108067.0,138640.0
Chhattisgarh,SURAJPUR,2013,Kharif     ,108262.0,189774.0
Chhattisgarh,SURAJPUR,2014,Kharif     ,106865.0,196547.0
Chhattisgarh,SURGUJA,2010,Kharif     ,302922.0,323612.0
Chhattisgarh,SURGUJA,2011,Kharif     ,117901.0,164828.0
Chhattisgarh,SURGUJA,2012,Kharif     ,117501.0,196105.0
Chhattisgarh,SURGUJA,2013,Kharif     ,116893.0,202401.0
Chhattisgarh,SURGUJA,2014,Kharif     ,117268.0,206623.0
Dadra and Nagar Haveli,DADRA AND NAGAR HAVELI,2010,Kharif     ,10220.0,19653.0
Dadra and Nagar Haveli,DADRA AND NAGAR HAVELI,2010,Rabi       ,580.0,1186.0
Dadra and Nagar Haveli,DADRA AND NAGAR HAVELI,2011,Kharif     ,10316.0,18156.0
Dadra and Nagar Haveli,DADRA AND NAGAR HAVELI,2011,Rabi       ,349.0,396.0
Dadra and Nagar Haveli,DADRA AND NAGAR HAVELI,2012,Kharif     ,13490.0,26036.0
Dadra and Nagar Haveli,DADRA AND NAGAR HAVELI,2012,Rabi       ,344.0,668.0
Dadra and Nagar Haveli,DADRA AND NAGAR HAVELI,2013,Kharif     ,13255.0,24866.0
Dadra and Nagar Haveli,DADRA AND NAGAR HAVELI,2013,Rabi       ,325.0,631.0
Dadra and Nagar Haveli,DADRA AND NAGAR HAVELI,2014,Kharif     ,13490.0,25181.0
Dadra and Nagar Haveli,DADRA AND NAGAR HAVELI,2014,Rabi       ,376.0,726.0
Goa,NORTH GOA,2010,Kharif     ,17314.0,41896.0
Goa,NORTH GOA,2010,Rabi       ,8450.0,22437.0
Goa,NORTH GOA,2011,Kharif     ,18019.0,47954.0
Goa,NORTH GOA,2011,Rabi       ,8450.0,23108.0
Goa,NORTH GOA,2012,Kharif     ,18045.0,47789.0
Goa,NORTH GOA,2012,Rabi       ,7355.0,21852.0
Goa,NORTH GOA,2013,Kharif     ,14740.0,44206.0
Goa,NORTH GOA,2013,Rabi       ,7270.0,22145.0
Goa,NORTH GOA,2014,Kharif     ,14385.0,40962.0
Goa,NORTH GOA,2014,Rabi       ,6820.0,18826.0
Goa,SOUTH GOA,2010,Kharif     ,13318.0,30325.0
Goa,SOUTH GOA,2010,Rabi       ,7530.0,20336.0
Goa,SOUTH GOA,2011,Kharif     ,13228.0,30816.0
Goa,SOUTH GOA,2011,Rabi       ,7540.0,20113.0
Goa,SOUTH GOA,2012,Kharif     ,13210.0,33440.0
Goa,SOUTH GOA,2012,Rabi       ,7220.0,19740.0
Goa,SOUTH GOA,2013,Kharif     ,13590.0,35908.0
Goa,SOUTH GOA,2013,Rabi       ,7220.0,24252.0
Goa,SOUTH GOA,2014,Kharif     ,13455.0,40307.0
Goa,SOUTH GOA,2014,Rabi       ,7310.0,20410.0
Gujarat,AHMADABAD,2010,Kharif     ,103500.0,273600.0
Gujarat,AHMADABAD,2010,Summer     ,10000.0,36700.0
Gujarat,AHMADABAD,2011,Kharif     ,119000.0,311000.0
Gujarat,AHMADABAD,2011,Summer     ,14100.0,54600.0
Gujarat,AHMADABAD,2012,Kharif     ,107800.0,212600.0
Gujarat,AHMADABAD,2012,Summer     ,4700.0,13100.0
Gujarat,ANAND,2010,Kharif     ,87700.0,185200.0
Gujarat,ANAND,2010,Summer     ,1500.0,4100.0
Gujarat,ANAND,2011,Kharif     ,89000.0,198500.0
Gujarat,ANAND,2011,Summer     ,2800.0,6300.0
Gujarat,ANAND,2012,Kharif     ,94400.0,238900.0
Gujarat,ANAND,2012,Summer     ,700.0,2200.0
Gujarat,BHARUCH,2010,Kharif     ,11400.0,19200.0
Gujarat,BHARUCH,2010,Summer     ,1800.0,5500.0
Gujarat,BHARUCH,2011,Kharif     ,10300.0,16500.0
Gujarat,BHARUCH,2011,Summer     ,2800.0,8900.0
Gujarat,BHARUCH,2012,Kharif     ,9600.0,14100.0
Gujarat,BHARUCH,2012,Summer     ,2100.0,6300.0
Gujarat,DANG,2010,Kharif     ,18000.0,23400.0
Gujarat,DANG,2011,Kharif     ,18000.0,30700.0
Gujarat,DANG,2012,Kharif     ,13800.0,21800.0
Gujarat,DOHAD,2010,Kharif     ,35800.0,32000.0
Gujarat,DOHAD,2011,Kharif     ,36200.0,31700.0
Gujarat,DOHAD,2012,Kharif     ,31800.0,35800.0
Gujarat,GANDHINAGAR,2010,Kharif     ,16000.0,36900.0
Gujarat,GANDHINAGAR,2011,Kharif     ,8800.0,20100.0
Gujarat,GANDHINAGAR,2012,Kharif     ,3500.0,8100.0
Gujarat,JUNAGADH,2011,Kharif     ,200.0,500.0
Gujarat,KHEDA,2010,Kharif     ,87300.0,210500.0
Gujarat,KHEDA,2010,Summer     ,10100.0,25800.0
Gujarat,KHEDA,2011,Kharif     ,97500.0,212700.0
Gujarat,KHEDA,2011,Summer     ,12000.0,33800.0
Gujarat,KHEDA,2012,Kharif     ,81700.0,194500.0
Gujarat,KHEDA,2012,Summer     ,2600.0,8300.0
Gujarat,MAHESANA,2010,Kharif     ,8200.0,17400.0
Gujarat,MAHESANA,2011,Kharif     ,5400.0,9700.0
Gujarat,MAHESANA,2012,Kharif     ,1400.0,3200.0
Gujarat,NARMADA,2010,Kharif     ,12000.0,10500.0
Gujarat,NARMADA,2011,Kharif     ,17900.0,14700.0
Gujarat,NARMADA,2012,Kharif     ,11600.0,12800.0
Gujarat,NARMADA,2012,Summer     ,100.0,100.0
Gujarat,NAVSARI,2010,Kharif     ,62600.0,161300.0
Gujarat,NAVSARI,2010,Summer     ,24900.0,75300.0
Gujarat,NAVSARI,2011,Kharif     ,52200.0,133900.0
Gujarat,NAVSARI,2011,Summer     ,27400.0,80700.0
Gujarat,NAVSARI,2012,Kharif     ,51300.0,128200.0
Gujarat,NAVSARI,2012,Summer     ,8300.0,26900.0
Gujarat,PANCH MAHALS,2010,Kharif     ,70400.0,59600.0
Gujarat,PANCH MAHALS,2010,Summer     ,500.0,1400.0
Gujarat,PANCH MAHALS,2011,Kharif     ,78300.0,98200.0
Gujarat,PANCH MAHALS,2011,Summer     ,800.0,2600.0
Gujarat,PANCH MAHALS,2012,Kharif     ,67300.0,118900.0
Gujarat,PANCH MAHALS,2012,Summer     ,200.0,800.0
Gujarat,SABAR KANTHA,2010,Kharif     ,5600.0,12000.0
Gujarat,SABAR KANTHA,2011,Kharif     ,6700.0,15900.0
Gujarat,SABAR KANTHA,2012,Kharif     ,3700.0,8200.0
Gujarat,SURAT,2010,Kharif     ,60700.0,124000.0
Gujarat,SURAT,2010,Summer     ,18900.0,56500.0
Gujarat,SURAT,2011,Kharif     ,52300.0,126800.0
Gujarat,SURAT,2011,Summer     ,19000.0,64000.0
Gujarat,SURAT,2012,Kharif     ,39700.0,84100.0
Gujarat,SURAT,2012,Summer     ,8900.0,26900.0
Gujarat,SURENDRANAGAR,2011,Kharif     ,500.0,1200.0
Gujarat,SURENDRANAGAR,2012,Kharif     ,200.0,400.0
Gujarat,TAPI,2010,Kharif     ,35400.0,71900.0
Gujarat,TAPI,2010,Summer     ,2600.0,7900.0
Gujarat,TAPI,2011,Kharif     ,47300.0,99300.0
Gujarat,TAPI,2011,Summer     ,2600.0,8300.0
Gujarat,TAPI,2012,Kharif     ,45800.0,119400.0
Gujarat,TAPI,2012,Summer     ,900.0,2900.0
Gujarat,VADODARA,2010,Kharif     ,55100.0,68100.0
Gujarat,VADODARA,2011,Kharif     ,44400.0,55300.0
Gujarat,VADODARA,2012,Kharif     ,44600.0,63200.0
Gujarat,VALSAD,2010,Kharif     ,58600.0,118200.0
Gujarat,VALSAD,2010,Summer     ,9500.0,28800.0
Gujarat,VALSAD,2011,Kharif     ,67300.0,145100.0
Gujarat,VALSAD,2011,Summer     ,2700.0,8700.0
Gujarat,VALSAD,2012,Kharif     ,63800.0,143900.0
Gujarat,VALSAD,2012,Summer     ,600.0,1700.0
Haryana,AMBALA,2010,Kharif     ,81869.0,282000.0
Haryana,AMBALA,2011,Kharif     ,82586.0,322000.0
Haryana,AMBALA,2012,Kharif     ,82642.0,343000.0
Haryana,BHIWANI,2010,Kharif     ,21314.0,44000.0
Haryana,BHIWANI,2011,Kharif     ,17520.0,46000.0
Haryana,BHIWANI,2012,Kharif     ,14981.0,40000.0
Haryana,FARIDABAD,2010,Kharif     ,9550.0,18000.0
Haryana,FARIDABAD,2011,Kharif     ,11554.0,28000.0
Haryana,FARIDABAD,2012,Kharif     ,10709.0,25000.0
Haryana,FATEHABAD,2010,Kharif     ,87580.0,348000.0
Haryana,FATEHABAD,2011,Kharif     ,87063.0,325000.0
Haryana,FATEHABAD,2012,Kharif     ,89639.0,370000.0
Haryana,GURGAON,2010,Kharif     ,5151.0,14000.0
Haryana,GURGAON,2011,Kharif     ,4803.0,15000.0
Haryana,GURGAON,2012,Kharif     ,4452.0,13000.0
Haryana,HISAR,2010,Kharif     ,44733.0,113000.0
Haryana,HISAR,2011,Kharif     ,42921.0,111000.0
Haryana,HISAR,2012,Kharif     ,42070.0,102000.0
Haryana,JHAJJAR,2010,Kharif     ,31014.0,62000.0
Haryana,JHAJJAR,2011,Kharif     ,30923.0,67000.0
Haryana,JHAJJAR,2012,Kharif     ,23128.0,53000.0
Haryana,JIND,2010,Kharif     ,113883.0,284000.0
Haryana,JIND,2011,Kharif     ,114854.0,297000.0
Haryana,JIND,2012,Kharif     ,114012.0,318000.0
Haryana,KAITHAL,2010,Kharif     ,158671.0,436000.0
Haryana,KAITHAL,2011,Kharif     ,158896.0,461000.0
Haryana,KAITHAL,2012,Kharif     ,162461.0,512000.0
Haryana,KARNAL,2010,Kharif     ,172698.0,461000.0
Haryana,KARNAL,2011,Kharif     ,165034.0,501000.0
Haryana,KARNAL,2012,Kharif     ,170172.0,572000.0
Haryana,KURUKSHETRA,2010,Kharif     ,119783.0,383000.0
Haryana,KURUKSHETRA,2011,Kharif     ,121216.0,459000.0
Haryana,KURUKSHETRA,2012,Kharif     ,110728.0,477000.0
Haryana,MAHENDRAGARH,2010,Kharif     ,25.0,
Haryana,MAHENDRAGARH,2011,Kharif     ,39.0,
Haryana,MEWAT,2010,Kharif     ,6177.0,17000.0
Haryana,MEWAT,2011,Kharif     ,6069.0,18000.0
Haryana,MEWAT,2012,Kharif     ,4051.0,13000.0
Haryana,PALWAL,2010,Kharif     ,33070.0,91000.0
Haryana,PALWAL,2011,Kharif     ,32387.0,88000.0
Haryana,PALWAL,2012,Kharif     ,30021.0,83000.0
Haryana,PANCHKULA,2010,Kharif     ,9070.0,30000.0
Haryana,PANCHKULA,2011,Kharif     ,9151.0,25000.0
Haryana,PANCHKULA,2012,Kharif     ,9453.0,25000.0
Haryana,PANIPAT,2010,Kharif     ,76905.0,174000.0
Haryana,PANIPAT,2011,Kharif     ,76032.0,201000.0
Haryana,PANIPAT,2012,Kharif     ,75683.0,210000.0
Haryana,REWARI,2010,Kharif     ,2746.0,8000.0
Haryana,REWARI,2011,Kharif     ,3298.0,9000.0
Haryana,REWARI,2012,Kharif     ,2008.0,7000.0
Haryana,ROHTAK,2010,Kharif     ,39340.0,59000.0
Haryana,ROHTAK,2011,Kharif     ,39260.0,84000.0
Haryana,ROHTAK,2012,Kharif     ,36432.0,55000.0
Haryana,SIRSA,2010,Kharif     ,61372.0,195000.0
Haryana,SIRSA,2011,Kharif     ,63082.0,20300.0
Haryana,SIRSA,2012,Kharif     ,65218.0,230000.0
Haryana,SONIPAT,2010,Kharif     ,93752.0,202000.0
Haryana,SONIPAT,2011,Kharif     ,94753.0,229000.0
Haryana,SONIPAT,2012,Kharif     ,88355.0,216000.0
Haryana,YAMUNANAGAR,2010,Kharif     ,74578.0,244000.0
Haryana,YAMUNANAGAR,2011,Kharif     ,72653.0,268000.0
Haryana,YAMUNANAGAR,2012,Kharif     ,70040.0,277000.0
Himachal Pradesh,BILASPUR,2010,Kharif     ,1540.0,2956.0
Himachal Pradesh,CHAMBA,2010,Kharif     ,3506.0,5767.0
Himachal Pradesh,HAMIRPUR,2010,Kharif     ,1908.0,2870.0
Himachal Pradesh,KANGRA,2010,Kharif     ,37611.0,59209.0
Himachal Pradesh,KINNAUR,2010,Kharif     ,15.0,25.0
Himachal Pradesh,KULLU,2010,Kharif     ,1516.0,1822.0
Himachal Pradesh,MANDI,2010,Kharif     ,19481.0,30528.0
Himachal Pradesh,SHIMLA,2010,Kharif     ,1359.0,1464.0
Himachal Pradesh,SIRMAUR,2010,Kharif     ,6115.0,13833.0
Himachal Pradesh,SOLAN,2010,Kharif     ,2094.0,5166.0
Himachal Pradesh,UNA,2010,Kharif     ,1919.0,5277.0
Jammu and Kashmir ,ANANTNAG,2014,Kharif     ,23904.0,19403.0
Jammu and Kashmir ,BADGAM,2014,Kharif     ,26183.0,23727.0
Jammu and Kashmir ,BANDIPORA,2014,Kharif     ,9203.0,11049.0
Jammu and Kashmir ,BARAMULLA,2014,Kharif     ,21265.0,23376.0
Jammu and Kashmir ,DODA,2014,Kharif     ,1911.0,1893.0
Jammu and Kashmir ,GANDERBAL,2014,Kharif     ,7684.0,8684.0
Jammu and Kashmir ,JAMMU,2014,Kharif     ,65470.0,116969.0
Jammu and Kashmir ,KATHUA,2014,Kharif     ,33206.0,51180.0
Jammu and Kashmir ,KISHTWAR,2014,Kharif     ,1196.0,144.0
Jammu and Kashmir ,KULGAM,2014,Kharif     ,18344.0,18025.0
Jammu and Kashmir ,KUPWARA,2014,Kharif     ,17680.0,18307.0
Jammu and Kashmir ,POONCH,2014,Kharif     ,3349.0,4346.0
Jammu and Kashmir ,PULWAMA,2014,Kharif     ,16100.0,6603.0
Jammu and Kashmir ,RAJAURI,2014,Kharif     ,5035.0,4059.0
Jammu and Kashmir ,RAMBAN,2014,Kharif     ,1173.0,546.0
Jammu and Kashmir ,REASI,2014,Kharif     ,4454.0,2851.0
Jammu and Kashmir ,SAMBA,2014,Kharif     ,9123.0,15145.0
Jammu and Kashmir ,SRINAGAR,2014,Kharif     ,3977.0,11779.0
Jammu and Kashmir ,UDHAMPUR,2014,Kharif     ,6604.0,6737.0
Karnataka,BAGALKOT,2010,Kharif     ,121.0,388.0
Karnataka,BAGALKOT,2010,Summer     ,23.0,74.0
Karnataka,BAGALKOT,2011,Kharif     ,79.0,254.0
Karnataka,BAGALKOT,2011,Summer     ,6.0,20.0
Karnataka,BAGALKOT,2012,Kharif     ,49.0,125.0
Karnataka,BAGALKOT,2013,Kharif     ,54.0,160.0
Karnataka,BAGALKOT,2014,Kharif     ,25.0,76.0
Karnataka,BANGALORE RURAL,2010,Kharif     ,1531.0,4486.0
Karnataka,BANGALORE RURAL,2010,Summer     ,155.0,501.0
Karnataka,BANGALORE RURAL,2011,Kharif     ,1460.0,4836.0
Karnataka,BANGALORE RURAL,2011,Summer     ,153.0,521.0
Karnataka,BANGALORE RURAL,2012,Kharif     ,963.0,2796.0
Karnataka,BANGALORE RURAL,2012,Rabi       ,1.0,2.0
Karnataka,BANGALORE RURAL,2012,Summer     ,13.0,41.0
Karnataka,BANGALORE RURAL,2013,Kharif     ,685.0,2197.0
Karnataka,BANGALORE RURAL,2013,Summer     ,137.0,463.0
Karnataka,BANGALORE RURAL,2014,Kharif     ,598.0,2093.0
Karnataka,BANGALORE RURAL,2014,Summer     ,49.0,150.0
Karnataka,BELGAUM,2010,Kharif     ,68354.0,139200.0
Karnataka,BELGAUM,2010,Summer     ,115.0,372.0
Karnataka,BELGAUM,2011,Kharif     ,68215.0,158758.0
Karnataka,BELGAUM,2011,Summer     ,92.0,313.0
Karnataka,BELGAUM,2012,Kharif     ,63613.0,94818.0
Karnataka,BELGAUM,2012,Summer     ,82.0,260.0
Karnataka,BELGAUM,2013,Kharif     ,58597.0,123581.0
Karnataka,BELGAUM,2013,Summer     ,77.0,260.0
Karnataka,BELGAUM,2014,Kharif     ,59938.0,176688.0
Karnataka,BELLARY,2010,Kharif     ,88799.0,339376.0
Karnataka,BELLARY,2010,Rabi       ,135.0,602.0
Karnataka,BELLARY,2010,Summer     ,41745.0,145941.0
Karnataka,BELLARY,2011,Kharif     ,77226.0,288837.0
Karnataka,BELLARY,2011,Summer     ,38943.0,139548.0
Karnataka,BELLARY,2012,Kharif     ,78029.0,289394.0
Karnataka,BELLARY,2012,Summer     ,31119.0,98386.0
Karnataka,BELLARY,2013,Kharif     ,76010.0,290788.0
Karnataka,BELLARY,2013,Summer     ,34538.0,127832.0
Karnataka,BELLARY,2014,Kharif     ,77598.0,286690.0
Karnataka,BELLARY,2014,Rabi       ,40.0,99.0
Karnataka,BELLARY,2014,Summer     ,41005.0,121344.0
Karnataka,BENGALURU URBAN,2010,Kharif     ,1495.0,4258.0
Karnataka,BENGALURU URBAN,2010,Summer     ,400.0,1293.0
Karnataka,BENGALURU URBAN,2011,Kharif     ,1410.0,4853.0
Karnataka,BENGALURU URBAN,2011,Summer     ,360.0,1400.0
Karnataka,BENGALURU URBAN,2012,Kharif     ,974.0,3006.0
Karnataka,BENGALURU URBAN,2012,Rabi       ,42.0,101.0
Karnataka,BENGALURU URBAN,2012,Summer     ,178.0,639.0
Karnataka,BENGALURU URBAN,2013,Kharif     ,1113.0,3941.0
Karnataka,BENGALURU URBAN,2013,Rabi       ,4.0,10.0
Karnataka,BENGALURU URBAN,2013,Summer     ,59.0,218.0
Karnataka,BENGALURU URBAN,2014,Kharif     ,950.0,3374.0
Karnataka,BENGALURU URBAN,2014,Summer     ,21.0,87.0
Karnataka,BIDAR,2010,Kharif     ,4927.0,4816.0
Karnataka,BIDAR,2011,Kharif     ,6489.0,5830.0
Karnataka,BIDAR,2012,Kharif     ,4939.0,4880.0
Karnataka,BIDAR,2013,Kharif     ,3572.0,5541.0
Karnataka,BIDAR,2014,Kharif     ,2063.0,1989.0
Karnataka,BIJAPUR,2010,Kharif     ,71.0,228.0
Karnataka,BIJAPUR,2011,Kharif     ,88.0,283.0
Karnataka,BIJAPUR,2012,Kharif     ,97.0,247.0
Karnataka,BIJAPUR,2013,Kharif     ,52.0,154.0
Karnataka,BIJAPUR,2014,Kharif     ,50.0,153.0
Karnataka,CHAMARAJANAGAR,2010,Kharif     ,16244.0,46851.0
Karnataka,CHAMARAJANAGAR,2010,Rabi       ,73.0,206.0
Karnataka,CHAMARAJANAGAR,2010,Summer     ,2126.0,6635.0
Karnataka,CHAMARAJANAGAR,2011,Kharif     ,14443.0,43509.0
Karnataka,CHAMARAJANAGAR,2011,Rabi       ,489.0,1693.0
Karnataka,CHAMARAJANAGAR,2011,Summer     ,509.0,1565.0
Karnataka,CHAMARAJANAGAR,2012,Kharif     ,6871.0,23401.0
Karnataka,CHAMARAJANAGAR,2012,Rabi       ,5933.0,20646.0
Karnataka,CHAMARAJANAGAR,2012,Summer     ,260.0,1220.0
Karnataka,CHAMARAJANAGAR,2013,Kharif     ,15001.0,55778.0
Karnataka,CHAMARAJANAGAR,2013,Rabi       ,26.0,65.0
Karnataka,CHAMARAJANAGAR,2013,Summer     ,350.0,1226.0
Karnataka,CHAMARAJANAGAR,2014,Kharif     ,13739.0,44455.0
Karnataka,CHAMARAJANAGAR,2014,Rabi       ,17.0,57.0
Karnataka,CHAMARAJANAGAR,2014,Summer     ,60.0,209.0
Karnataka,CHIKBALLAPUR,2010,Kharif     ,6599.0,21666.0
Karnataka,CHIKBALLAPUR,2010,Rabi       ,1155.0,2748.0
Karnataka,CHIKBALLAPUR,2010,Summer     ,1912.0,5108.0
Karnataka,CHIKBALLAPUR,2011,Kharif     ,5152.0,15249.0
Karnataka,CHIKBALLAPUR,2011,Summer     ,470.0,1594.0
Karnataka,CHIKBALLAPUR,2012,Kharif     ,3082.0,8623.0
Karnataka,CHIKBALLAPUR,2012,Summer     ,133.0,422.0
Karnataka,CHIKBALLAPUR,2013,Kharif     ,2095.0,5983.0
Karnataka,CHIKBALLAPUR,2013,Summer     ,9.0,26.0
Karnataka,CHIKBALLAPUR,2014,Kharif     ,799.0,1900.0
Karnataka,CHIKBALLAPUR,2014,Summer     ,15.0,27.0
Karnataka,CHIKMAGALUR,2010,Kharif     ,40562.0,111308.0
Karnataka,CHIKMAGALUR,2010,Summer     ,3494.0,7751.0
Karnataka,CHIKMAGALUR,2011,Kharif     ,41880.0,113629.0
Karnataka,CHIKMAGALUR,2011,Summer     ,3496.0,8971.0
Karnataka,CHIKMAGALUR,2012,Kharif     ,35282.0,80175.0
Karnataka,CHIKMAGALUR,2012,Summer     ,2708.0,7298.0
Karnataka,CHIKMAGALUR,2013,Kharif     ,38396.0,105672.0
Karnataka,CHIKMAGALUR,2013,Summer     ,2652.0,6430.0
Karnataka,CHIKMAGALUR,2014,Kharif     ,37327.0,97056.0
Karnataka,CHIKMAGALUR,2014,Summer     ,3010.0,8244.0
Karnataka,CHITRADURGA,2010,Kharif     ,7941.0,18659.0
Karnataka,CHITRADURGA,2010,Rabi       ,953.0,2099.0
Karnataka,CHITRADURGA,2010,Summer     ,5054.0,11610.0
Karnataka,CHITRADURGA,2011,Kharif     ,4723.0,10517.0
Karnataka,CHITRADURGA,2011,Rabi       ,510.0,1174.0
Karnataka,CHITRADURGA,2011,Summer     ,763.0,1524.0
Karnataka,CHITRADURGA,2012,Kharif     ,2864.0,6470.0
Karnataka,CHITRADURGA,2012,Rabi       ,273.0,668.0
Karnataka,CHITRADURGA,2012,Summer     ,410.0,849.0
Karnataka,CHITRADURGA,2013,Kharif     ,1196.0,2692.0
Karnataka,CHITRADURGA,2013,Rabi       ,361.0,994.0
Karnataka,CHITRADURGA,2013,Summer     ,612.0,1307.0
Karnataka,CHITRADURGA,2014,Kharif     ,1048.0,2376.0
Karnataka,CHITRADURGA,2014,Rabi       ,402.0,927.0
Karnataka,CHITRADURGA,2014,Summer     ,575.0,1110.0
Karnataka,DAKSHIN KANNAD,2010,Kharif     ,32408.0,80253.0
Karnataka,DAKSHIN KANNAD,2010,Rabi       ,20982.0,47350.0
Karnataka,DAKSHIN KANNAD,2010,Summer     ,1243.0,2855.0
Karnataka,DAKSHIN KANNAD,2011,Kharif     ,32423.0,87200.0
Karnataka,DAKSHIN KANNAD,2011,Rabi       ,21231.0,47207.0
Karnataka,DAKSHIN KANNAD,2011,Summer     ,1512.0,3766.0
Karnataka,DAKSHIN KANNAD,2012,Kharif     ,31498.0,83815.0
Karnataka,DAKSHIN KANNAD,2012,Rabi       ,21201.0,54985.0
Karnataka,DAKSHIN KANNAD,2012,Summer     ,1505.0,3900.0
Karnataka,DAKSHIN KANNAD,2013,Kharif     ,31646.0,87004.0
Karnataka,DAKSHIN KANNAD,2013,Rabi       ,21705.0,57921.0
Karnataka,DAKSHIN KANNAD,2013,Summer     ,1980.0,5402.0
Karnataka,DAKSHIN KANNAD,2014,Kharif     ,29749.0,78228.0
Karnataka,DAKSHIN KANNAD,2014,Rabi       ,21240.0,51979.0
Karnataka,DAKSHIN KANNAD,2014,Summer     ,1360.0,2817.0
Karnataka,DAVANGERE,2010,Kharif     ,76270.0,271152.0
Karnataka,DAVANGERE,2010,Summer     ,66254.0,259570.0
Karnataka,DAVANGERE,2011,Kharif     ,78404.0,276223.0
Karnataka,DAVANGERE,2011,Summer     ,66915.0,269152.0
Karnataka,DAVANGERE,2012,Kharif     ,75562.0,248085.0
Karnataka,DAVANGERE,2012,Summer     ,41318.0,139306.0
Karnataka,DAVANGERE,2013,Kharif     ,74223.0,248272.0
Karnataka,DAVANGERE,2013,Summer     ,53400.0,203072.0
Karnataka,DAVANGERE,2014,Kharif     ,75259.0,262676.0
Karnataka,DAVANGERE,2014,Summer     ,61421.0,237076.0
Karnataka,DHARWAD,2010,Kharif     ,27881.0,33658.0
Karnataka,DHARWAD,2010,Summer     ,273.0,883.0
Karnataka,DHARWAD,2011,Kharif     ,25634.0,25790.0
Karnataka,DHARWAD,2011,Summer     ,195.0,663.0
Karnataka,DHARWAD,2012,Kharif     ,27411.0,24009.0
Karnataka,DHARWAD,2012,Summer     ,96.0,305.0
Karnataka,DHARWAD,2013,Kharif     ,22354.0,25080.0
Karnataka,DHARWAD,2013,Summer     ,89.0,301.0
Karnataka,DHARWAD,2014,Kharif     ,20554.0,32589.0
Karnataka,DHARWAD,2014,Summer     ,123.0,376.0
Karnataka,GADAG,2010,Kharif     ,865.0,1914.0
Karnataka,GADAG,2010,Summer     ,1480.0,4682.0
Karnataka,GADAG,2011,Kharif     ,1063.0,2933.0
Karnataka,GADAG,2011,Summer     ,644.0,1474.0
Karnataka,GADAG,2012,Kharif     ,895.0,2125.0
Karnataka,GADAG,2012,Summer     ,682.0,1651.0
Karnataka,GADAG,2013,Kharif     ,1362.0,3906.0
Karnataka,GADAG,2013,Summer     ,1565.0,4166.0
Karnataka,GADAG,2014,Kharif     ,1044.0,2594.0
Karnataka,GADAG,2014,Summer     ,999.0,3405.0
Karnataka,GULBARGA,2010,Kharif     ,3033.0,4822.0
Karnataka,GULBARGA,2010,Rabi       ,608.0,1850.0
Karnataka,GULBARGA,2010,Summer     ,901.0,2913.0
Karnataka,GULBARGA,2011,Kharif     ,3282.0,5331.0
Karnataka,GULBARGA,2011,Rabi       ,575.0,718.0
Karnataka,GULBARGA,2011,Summer     ,106.0,182.0
Karnataka,GULBARGA,2012,Kharif     ,2799.0,4834.0
Karnataka,GULBARGA,2012,Rabi       ,1623.0,2277.0
Karnataka,GULBARGA,2012,Summer     ,140.0,210.0
Karnataka,GULBARGA,2013,Kharif     ,4281.0,11335.0
Karnataka,GULBARGA,2013,Rabi       ,875.0,1949.0
Karnataka,GULBARGA,2013,Summer     ,122.0,249.0
Karnataka,GULBARGA,2014,Kharif     ,1556.0,2887.0
Karnataka,GULBARGA,2014,Rabi       ,356.0,452.0
Karnataka,GULBARGA,2014,Summer     ,3744.0,4542.0
Karnataka,HASSAN,2010,Kharif     ,35785.0,105364.0
Karnataka,HASSAN,2010,Rabi       ,10790.0,29009.0
Karnataka,HASSAN,2010,Summer     ,5170.0,13364.0
Karnataka,HASSAN,2011,Kharif     ,46451.0,119911.0
Karnataka,HASSAN,2011,Rabi       ,523.0,1388.0
Karnataka,HASSAN,2011,Summer     ,1895.0,4710.0
Karnataka,HASSAN,2012,Kharif     ,48265.0,105184.0
Karnataka,HASSAN,2012,Rabi       ,26.0,67.0
Karnataka,HASSAN,2012,Summer     ,1003.0,2529.0
Karnataka,HASSAN,2013,Kharif     ,50260.0,153841.0
Karnataka,HASSAN,2013,Rabi       ,453.0,1007.0
Karnataka,HASSAN,2013,Summer     ,1086.0,3746.0
Karnataka,HASSAN,2014,Kharif     ,45653.0,140563.0
Karnataka,HASSAN,2014,Rabi       ,1752.0,3911.0
Karnataka,HASSAN,2014,Summer     ,667.0,1814.0
Karnataka,HAVERI,2010,Kharif     ,44996.0,89319.0
Karnataka,HAVERI,2010,Summer     ,5931.0,17833.0
Karnataka,HAVERI,2011,Kharif     ,44761.0,102249.0
Karnataka,HAVERI,2011,Summer     ,4917.0,16340.0
Karnataka,HAVERI,2012,Kharif     ,46099.0,37313.0
Karnataka,HAVERI,2012,Summer     ,4592.0,9301.0
Karnataka,HAVERI,2013,Kharif     ,41051.0,101006.0
Karnataka,HAVERI,2013,Summer     ,7312.0,21110.0
Karnataka,HAVERI,2014,Kharif     ,39894.0,99031.0
Karnataka,HAVERI,2014,Summer     ,6285.0,19345.0
Karnataka,KODAGU,2010,Kharif     ,35291.0,89155.0
Karnataka,KODAGU,2010,Rabi       ,5.0,12.0
Karnataka,KODAGU,2010,Summer     ,140.0,399.0
Karnataka,KODAGU,2011,Kharif     ,34065.0,88570.0
Karnataka,KODAGU,2011,Rabi       ,3.0,7.0
Karnataka,KODAGU,2011,Summer     ,147.0,450.0
Karnataka,KODAGU,2012,Kharif     ,31281.0,77621.0
Karnataka,KODAGU,2012,Summer     ,85.0,156.0
Karnataka,KODAGU,2013,Kharif     ,31917.0,91843.0
Karnataka,KODAGU,2013,Summer     ,110.0,366.0
Karnataka,KODAGU,2014,Kharif     ,30899.0,86741.0
Karnataka,KODAGU,2014,Rabi       ,5.0,12.0
Karnataka,KODAGU,2014,Summer     ,56.0,147.0
Karnataka,KOLAR,2010,Kharif     ,7539.0,16286.0
Karnataka,KOLAR,2010,Summer     ,2040.0,3397.0
Karnataka,KOLAR,2011,Kharif     ,5138.0,10063.0
Karnataka,KOLAR,2011,Summer     ,65.0,221.0
Karnataka,KOLAR,2012,Kharif     ,3909.0,8552.0
Karnataka,KOLAR,2012,Summer     ,66.0,155.0
Karnataka,KOLAR,2013,Kharif     ,1917.0,3278.0
Karnataka,KOLAR,2013,Summer     ,60.0,203.0
Karnataka,KOLAR,2014,Kharif     ,344.0,873.0
Karnataka,KOPPAL,2010,Kharif     ,41275.0,170981.0
Karnataka,KOPPAL,2010,Summer     ,36859.0,152810.0
Karnataka,KOPPAL,2011,Kharif     ,42421.0,161960.0
Karnataka,KOPPAL,2011,Summer     ,33652.0,115410.0
Karnataka,KOPPAL,2012,Kharif     ,41047.0,131451.0
Karnataka,KOPPAL,2012,Summer     ,35833.0,133102.0
Karnataka,KOPPAL,2013,Kharif     ,39740.0,134099.0
Karnataka,KOPPAL,2013,Summer     ,36137.0,128944.0
Karnataka,KOPPAL,2014,Kharif     ,39439.0,145559.0
Karnataka,KOPPAL,2014,Summer     ,35716.0,95208.0
Karnataka,MANDYA,2010,Kharif     ,60845.0,225761.0
Karnataka,MANDYA,2010,Summer     ,19795.0,71103.0
Karnataka,MANDYA,2011,Kharif     ,57137.0,225491.0
Karnataka,MANDYA,2011,Summer     ,17024.0,53322.0
Karnataka,MANDYA,2012,Kharif     ,47709.0,148389.0
Karnataka,MANDYA,2012,Rabi       ,318.0,1083.0
Karnataka,MANDYA,2012,Summer     ,1923.0,6189.0
Karnataka,MANDYA,2013,Kharif     ,52305.0,183107.0
Karnataka,MANDYA,2013,Rabi       ,1407.0,5089.0
Karnataka,MANDYA,2013,Summer     ,11903.0,40957.0
Karnataka,MANDYA,2014,Kharif     ,51037.0,189916.0
Karnataka,MANDYA,2014,Rabi       ,828.0,2628.0
Karnataka,MANDYA,2014,Summer     ,14657.0,52912.0
Karnataka,MYSORE,2010,Kharif     ,106382.0,337247.0
Karnataka,MYSORE,2010,Summer     ,18712.0,56724.0
Karnataka,MYSORE,2011,Kharif     ,107820.0,349693.0
Karnataka,MYSORE,2011,Rabi       ,4.0,9.0
Karnataka,MYSORE,2011,Summer     ,13180.0,45113.0
Karnataka,MYSORE,2012,Kharif     ,87894.0,276550.0
Karnataka,MYSORE,2012,Rabi       ,240.0,579.0
Karnataka,MYSORE,2012,Summer     ,901.0,2709.0
Karnataka,MYSORE,2013,Kharif     ,91737.0,311039.0
Karnataka,MYSORE,2013,Rabi       ,50.0,125.0
Karnataka,MYSORE,2013,Summer     ,10661.0,39236.0
Karnataka,MYSORE,2014,Kharif     ,94359.0,319929.0
Karnataka,MYSORE,2014,Summer     ,8864.0,30349.0
Karnataka,RAICHUR,2010,Kharif     ,100297.0,309529.0
Karnataka,RAICHUR,2010,Summer     ,74459.0,212420.0
Karnataka,RAICHUR,2011,Kharif     ,105525.0,346950.0
Karnataka,RAICHUR,2011,Summer     ,37175.0,108244.0
Karnataka,RAICHUR,2012,Kharif     ,113989.0,354865.0
Karnataka,RAICHUR,2012,Summer     ,37718.0,115881.0
Karnataka,RAICHUR,2013,Kharif     ,107557.0,347511.0
Karnataka,RAICHUR,2013,Summer     ,70799.0,225452.0
Karnataka,RAICHUR,2014,Kharif     ,97935.0,320982.0
Karnataka,RAICHUR,2014,Summer     ,64645.0,171894.0
Karnataka,RAMANAGARA,2010,Kharif     ,7884.0,19794.0
Karnataka,RAMANAGARA,2010,Summer     ,589.0,1744.0
Karnataka,RAMANAGARA,2011,Kharif     ,7230.0,19461.0
Karnataka,RAMANAGARA,2011,Summer     ,467.0,802.0
Karnataka,RAMANAGARA,2012,Kharif     ,6340.0,15407.0
Karnataka,RAMANAGARA,2012,Summer     ,412.0,849.0
Karnataka,RAMANAGARA,2013,Kharif     ,5321.0,13931.0
Karnataka,RAMANAGARA,2013,Summer     ,431.0,799.0
Karnataka,RAMANAGARA,2014,Kharif     ,4617.0,10759.0
Karnataka,RAMANAGARA,2014,Rabi       ,2.0,5.0
Karnataka,RAMANAGARA,2014,Summer     ,605.0,1887.0
Karnataka,SHIMOGA,2010,Kharif     ,112819.0,307516.0
Karnataka,SHIMOGA,2010,Summer     ,19575.0,67802.0
Karnataka,SHIMOGA,2011,Kharif     ,111399.0,324594.0
Karnataka,SHIMOGA,2011,Summer     ,17580.0,60060.0
Karnataka,SHIMOGA,2012,Kharif     ,107987.0,279757.0
Karnataka,SHIMOGA,2012,Summer     ,15324.0,49147.0
Karnataka,SHIMOGA,2013,Kharif     ,108268.0,326666.0
Karnataka,SHIMOGA,2013,Summer     ,16354.0,54144.0
Karnataka,SHIMOGA,2014,Kharif     ,105581.0,313744.0
Karnataka,SHIMOGA,2014,Summer     ,16288.0,56262.0
Karnataka,TUMKUR,2010,Kharif     ,23766.0,66025.0
Karnataka,TUMKUR,2010,Rabi       ,461.0,1421.0
Karnataka,TUMKUR,2010,Summer     ,10349.0,31186.0
Karnataka,TUMKUR,2011,Kharif     ,22359.0,56895.0
Karnataka,TUMKUR,2011,Rabi       ,239.0,772.0
Karnataka,TUMKUR,2011,Summer     ,5839.0,19498.0
Karnataka,TUMKUR,2012,Kharif     ,14298.0,36131.0
Karnataka,TUMKUR,2012,Rabi       ,147.0,387.0
Karnataka,TUMKUR,2012,Summer     ,442.0,1201.0
Karnataka,TUMKUR,2013,Kharif     ,11659.0,34225.0
Karnataka,TUMKUR,2013,Rabi       ,109.0,274.0
Karnataka,TUMKUR,2013,Summer     ,1268.0,3994.0
Karnataka,TUMKUR,2014,Kharif     ,7636.0,22713.0
Karnataka,TUMKUR,2014,Rabi       ,67.0,165.0
Karnataka,TUMKUR,2014,Summer     ,1802.0,4054.0
Karnataka,UDUPI,2010,Kharif     ,47200.0,122102.0
Karnataka,UDUPI,2010,Rabi       ,8982.0,19578.0
Karnataka,UDUPI,2010,Summer     ,158.0,382.0
Karnataka,UDUPI,2011,Kharif     ,46990.0,121037.0
Karnataka,UDUPI,2011,Rabi       ,8239.0,18951.0
Karnataka,UDUPI,2011,Summer     ,103.0,231.0
Karnataka,UDUPI,2012,Kharif     ,44563.0,110579.0
Karnataka,UDUPI,2012,Rabi       ,6949.0,15362.0
Karnataka,UDUPI,2012,Summer     ,96.0,221.0
Karnataka,UDUPI,2013,Kharif     ,44663.0,120373.0
Karnataka,UDUPI,2013,Rabi       ,6824.0,17231.0
Karnataka,UDUPI,2013,Summer     ,110.0,291.0
Karnataka,UDUPI,2014,Kharif     ,43013.0,119359.0
Karnataka,UDUPI,2014,Rabi       ,6441.0,17690.0
Karnataka,UDUPI,2014,Summer     ,95.0,283.0
Karnataka,UTTAR KANNAD,2010,Kharif     ,75425.0,143863.0
Karnataka,UTTAR KANNAD,2010,Rabi       ,2036.0,4460.0
Karnataka,UTTAR KANNAD,2010,Summer     ,1558.0,3137.0
Karnataka,UTTAR KANNAD,2011,Kharif     ,72590.0,144585.0
Karnataka,UTTAR KANNAD,2011,Rabi       ,1869.0,4262.0
Karnataka,UTTAR KANNAD,2011,Summer     ,1289.0,2818.0
Karnataka,UTTAR KANNAD,2012,Kharif     ,71506.0,144149.0
Karnataka,UTTAR KANNAD,2012,Rabi       ,1567.0,3421.0
Karnataka,UTTAR KANNAD,2012,Summer     ,1211.0,2499.0
Karnataka,UTTAR KANNAD,2013,Kharif     ,67136.0,163211.0
Karnataka,UTTAR KANNAD,2013,Rabi       ,1527.0,4115.0
Karnataka,UTTAR KANNAD,2013,Summer     ,1302.0,2997.0
Karnataka,UTTAR KANNAD,2014,Kharif     ,65865.0,145604.0
Karnataka,UTTAR KANNAD,2014,Rabi       ,1498.0,4012.0
Karnataka,UTTAR KANNAD,2014,Summer     ,1147.0,3086.0
Karnataka,YADGIR,2010,Kharif     ,52699.0,106769.0
Karnataka,YADGIR,2010,Rabi       ,3520.0,8166.0
Karnataka,YADGIR,2010,Summer     ,39552.0,81236.0
Karnataka,YADGIR,2011,Kharif     ,51863.0,102798.0
Karnataka,YADGIR,2011,Rabi       ,9510.0,18015.0
Karnataka,YADGIR,2011,Summer     ,7726.0,11222.0
Karnataka,YADGIR,2012,Kharif     ,48612.0,64608.0
Karnataka,YADGIR,2012,Rabi       ,7006.0,9731.0
Karnataka,YADGIR,2012,Summer     ,6912.0,9285.0
Karnataka,YADGIR,2013,Kharif     ,50943.0,101680.0
Karnataka,YADGIR,2013,Rabi       ,7555.0,13859.0
Karnataka,YADGIR,2013,Summer     ,10905.0,18875.0
Karnataka,YADGIR,2014,Kharif     ,51456.0,146014.0
Karnataka,YADGIR,2014,Rabi       ,15448.0,36542.0
Karnataka,YADGIR,2014,Summer     ,15205.0,35029.0
Kerala,ALAPPUZHA,2010,Autumn     ,10445.22,23855.73
Kerala,ALAPPUZHA,2010,Summer     ,22744.6,58234.49
Kerala,ALAPPUZHA,2010,Winter     ,3869.68,9234.54
Kerala,ALAPPUZHA,2011,Autumn     ,9966.03,30522.44
Kerala,ALAPPUZHA,2011,Summer     ,17169.79,53156.99
Kerala,ALAPPUZHA,2011,Winter     ,9115.09,28301.03
Kerala,ALAPPUZHA,2012,Autumn     ,10758.0,32362.0
Kerala,ALAPPUZHA,2012,Summer     ,20325.0,57043.0
Kerala,ALAPPUZHA,2012,Winter     ,5112.0,15188.0
Kerala,ALAPPUZHA,2013,Autumn     ,6339.0,20589.0
Kerala,ALAPPUZHA,2013,Summer     ,19626.0,50082.0
Kerala,ALAPPUZHA,2013,Winter     ,11438.0,36195.0
Kerala,ALAPPUZHA,2014,Autumn     ,11073.0,28432.0
Kerala,ALAPPUZHA,2014,Summer     ,18685.0,60549.0
Kerala,ALAPPUZHA,2014,Winter     ,4657.0,14114.0
Kerala,ERNAKULAM,2010,Autumn     ,3353.88,6379.8
Kerala,ERNAKULAM,2010,Summer     ,1152.89,2242.17
Kerala,ERNAKULAM,2010,Winter     ,4508.73,9200.58
Kerala,ERNAKULAM,2011,Autumn     ,3134.85,6488.16
Kerala,ERNAKULAM,2011,Summer     ,718.83,1567.97
Kerala,ERNAKULAM,2011,Winter     ,3877.16,8516.26
Kerala,ERNAKULAM,2012,Autumn     ,1370.0,2693.0
Kerala,ERNAKULAM,2012,Summer     ,343.0,770.0
Kerala,ERNAKULAM,2012,Winter     ,2227.0,5070.0
Kerala,ERNAKULAM,2013,Autumn     ,911.0,1908.0
Kerala,ERNAKULAM,2013,Summer     ,433.0,940.0
Kerala,ERNAKULAM,2013,Winter     ,2708.0,6208.0
Kerala,ERNAKULAM,2014,Autumn     ,1330.0,2593.0
Kerala,ERNAKULAM,2014,Summer     ,390.0,857.0
Kerala,ERNAKULAM,2014,Winter     ,2924.0,6524.0
Kerala,IDUKKI,2010,Autumn     ,418.33,1083.47
Kerala,IDUKKI,2010,Summer     ,220.64,582.19
Kerala,IDUKKI,2010,Winter     ,1180.4,3078.76
Kerala,IDUKKI,2011,Autumn     ,259.85,626.12
Kerala,IDUKKI,2011,Summer     ,66.07,157.18
Kerala,IDUKKI,2011,Winter     ,937.82,2352.15
Kerala,IDUKKI,2012,Autumn     ,208.0,512.0
Kerala,IDUKKI,2012,Summer     ,91.0,166.0
Kerala,IDUKKI,2012,Winter     ,877.0,2505.0
Kerala,IDUKKI,2013,Autumn     ,62.0,157.0
Kerala,IDUKKI,2013,Summer     ,39.0,105.0
Kerala,IDUKKI,2013,Winter     ,560.0,1534.0
Kerala,IDUKKI,2014,Autumn     ,89.0,206.0
Kerala,IDUKKI,2014,Summer     ,33.0,89.0
Kerala,IDUKKI,2014,Winter     ,575.0,1508.0
Kerala,KANNUR,2010,Autumn     ,3054.17,6536.19
Kerala,KANNUR,2010,Summer     ,107.51,241.64
Kerala,KANNUR,2010,Winter     ,3176.82,6530.49
Kerala,KANNUR,2011,Autumn     ,2516.78,5093.77
Kerala,KANNUR,2011,Summer     ,95.92,199.38
Kerala,KANNUR,2011,Winter     ,3126.88,6876.57
Kerala,KANNUR,2012,Autumn     ,3618.0,7926.0
Kerala,KANNUR,2012,Summer     ,56.0,101.0
Kerala,KANNUR,2012,Winter     ,3010.0,6210.0
Kerala,KANNUR,2013,Autumn     ,2684.0,5908.0
Kerala,KANNUR,2013,Summer     ,20.0,46.0
Kerala,KANNUR,2013,Winter     ,2376.0,5339.0
Kerala,KANNUR,2014,Autumn     ,2638.0,5905.0
Kerala,KANNUR,2014,Summer     ,11.0,25.0
Kerala,KANNUR,2014,Winter     ,2306.0,5234.0
Kerala,KASARAGOD,2010,Autumn     ,2283.99,5824.31
Kerala,KASARAGOD,2010,Summer     ,414.04,976.06
Kerala,KASARAGOD,2010,Winter     ,1457.39,3033.99
Kerala,KASARAGOD,2011,Autumn     ,2021.02,4751.35
Kerala,KASARAGOD,2011,Summer     ,334.66,872.35
Kerala,KASARAGOD,2011,Winter     ,1501.35,2931.77
Kerala,KASARAGOD,2012,Autumn     ,1883.0,4831.0
Kerala,KASARAGOD,2012,Summer     ,268.0,628.0
Kerala,KASARAGOD,2012,Winter     ,1363.0,2657.0
Kerala,KASARAGOD,2013,Autumn     ,2091.0,5093.0
Kerala,KASARAGOD,2013,Summer     ,407.0,926.0
Kerala,KASARAGOD,2013,Winter     ,1707.0,3420.0
Kerala,KASARAGOD,2014,Autumn     ,1629.0,3863.0
Kerala,KASARAGOD,2014,Summer     ,296.0,677.0
Kerala,KASARAGOD,2014,Winter     ,740.0,1555.0
Kerala,KOLLAM,2010,Autumn     ,960.36,2158.51
Kerala,KOLLAM,2010,Summer     ,80.58,136.73
Kerala,KOLLAM,2010,Winter     ,2300.57,4859.45
Kerala,KOLLAM,2011,Autumn     ,619.89,1396.29
Kerala,KOLLAM,2011,Summer     ,23.85,36.92
Kerala,KOLLAM,2011,Winter     ,1453.06,3335.19
Kerala,KOLLAM,2012,Autumn     ,171.0,413.0
Kerala,KOLLAM,2012,Summer     ,145.0,305.0
Kerala,KOLLAM,2012,Winter     ,1071.0,2210.0
Kerala,KOLLAM,2013,Autumn     ,275.0,684.0
Kerala,KOLLAM,2013,Summer     ,5.0,5.0
Kerala,KOLLAM,2013,Winter     ,1083.0,2545.0
Kerala,KOLLAM,2014,Autumn     ,374.0,941.0
Kerala,KOLLAM,2014,Summer     ,1.0,2.0
Kerala,KOLLAM,2014,Winter     ,952.0,2207.0
Kerala,KOTTAYAM,2010,Autumn     ,5463.56,16064.76
Kerala,KOTTAYAM,2010,Summer     ,7775.37,21435.58
Kerala,KOTTAYAM,2010,Winter     ,1536.12,3469.17
Kerala,KOTTAYAM,2011,Autumn     ,6810.31,19437.67
Kerala,KOTTAYAM,2011,Summer     ,11635.88,36177.88
Kerala,KOTTAYAM,2011,Winter     ,2964.06,7963.02
Kerala,KOTTAYAM,2012,Autumn     ,4360.0,14479.0
Kerala,KOTTAYAM,2012,Summer     ,10902.0,29589.0
Kerala,KOTTAYAM,2012,Winter     ,2309.0,6951.0
Kerala,KOTTAYAM,2013,Autumn     ,1106.0,2834.0
Kerala,KOTTAYAM,2013,Summer     ,7823.0,25574.0
Kerala,KOTTAYAM,2013,Winter     ,6817.0,22321.0
Kerala,KOTTAYAM,2014,Autumn     ,5059.0,14354.0
Kerala,KOTTAYAM,2014,Summer     ,9346.0,27118.0
Kerala,KOTTAYAM,2014,Winter     ,2890.0,7921.0
Kerala,KOZHIKODE,2010,Autumn     ,144.09,182.38
Kerala,KOZHIKODE,2010,Summer     ,509.52,1029.51
Kerala,KOZHIKODE,2010,Winter     ,2349.43,2601.91
Kerala,KOZHIKODE,2011,Autumn     ,115.91,181.9
Kerala,KOZHIKODE,2011,Summer     ,528.26,1207.71
Kerala,KOZHIKODE,2011,Winter     ,2276.29,2883.95
Kerala,KOZHIKODE,2012,Autumn     ,143.0,204.0
Kerala,KOZHIKODE,2012,Summer     ,631.0,1443.0
Kerala,KOZHIKODE,2012,Winter     ,2737.0,3679.0
Kerala,KOZHIKODE,2013,Autumn     ,79.0,120.0
Kerala,KOZHIKODE,2013,Summer     ,563.0,1437.0
Kerala,KOZHIKODE,2013,Winter     ,1791.0,2293.0
Kerala,KOZHIKODE,2014,Autumn     ,62.0,62.0
Kerala,KOZHIKODE,2014,Summer     ,551.0,1284.0
Kerala,KOZHIKODE,2014,Winter     ,1708.0,2077.0
Kerala,MALAPPURAM,2010,Autumn     ,1088.27,2296.7
Kerala,MALAPPURAM,2010,Summer     ,1770.44,5946.44
Kerala,MALAPPURAM,2010,Winter     ,6090.74,12826.27
Kerala,MALAPPURAM,2011,Autumn     ,766.64,1588.67
Kerala,MALAPPURAM,2011,Summer     ,1620.08,5845.58
Kerala,MALAPPURAM,2011,Winter     ,5140.8,11142.31
Kerala,MALAPPURAM,2012,Autumn     ,493.0,1074.0
Kerala,MALAPPURAM,2012,Summer     ,1458.0,5115.0
Kerala,MALAPPURAM,2012,Winter     ,4723.0,9188.0
Kerala,MALAPPURAM,2013,Autumn     ,121.0,272.0
Kerala,MALAPPURAM,2013,Summer     ,1798.0,6624.0
Kerala,MALAPPURAM,2013,Winter     ,5630.0,12813.0
Kerala,MALAPPURAM,2014,Autumn     ,494.0,1020.0
Kerala,MALAPPURAM,2014,Summer     ,1940.0,7577.0
Kerala,MALAPPURAM,2014,Winter     ,5968.0,13682.0
Kerala,PALAKKAD,2010,Autumn     ,38647.59,96029.74
Kerala,PALAKKAD,2010,Summer     ,5499.34,15300.23
Kerala,PALAKKAD,2010,Winter     ,43364.45,106825.43
Kerala,PALAKKAD,2011,Autumn     ,37932.97,92522.58
Kerala,PALAKKAD,2011,Summer     ,3660.19,10687.72
Kerala,PALAKKAD,2011,Winter     ,42405.07,121202.43
Kerala,PALAKKAD,2012,Autumn     ,37021.0,89411.0
Kerala,PALAKKAD,2012,Summer     ,2678.0,5286.0
Kerala,PALAKKAD,2012,Winter     ,39502.0,94532.0
Kerala,PALAKKAD,2013,Autumn     ,35561.0,97030.0
Kerala,PALAKKAD,2013,Summer     ,4642.0,13159.0
Kerala,PALAKKAD,2013,Winter     ,42693.0,127876.0
Kerala,PALAKKAD,2014,Autumn     ,37371.0,95178.0
Kerala,PALAKKAD,2014,Summer     ,2695.0,8925.0
Kerala,PALAKKAD,2014,Winter     ,42846.0,132295.0
Kerala,PATHANAMTHITTA,2010,Autumn     ,112.56,245.28
Kerala,PATHANAMTHITTA,2010,Summer     ,2393.46,5289.7
Kerala,PATHANAMTHITTA,2010,Winter     ,479.99,1092.54
Kerala,PATHANAMTHITTA,2011,Autumn     ,45.42,96.02
Kerala,PATHANAMTHITTA,2011,Summer     ,2282.25,7513.28
Kerala,PATHANAMTHITTA,2011,Winter     ,474.82,1380.16
Kerala,PATHANAMTHITTA,2012,Autumn     ,34.0,92.0
Kerala,PATHANAMTHITTA,2012,Summer     ,1847.0,4965.0
Kerala,PATHANAMTHITTA,2012,Winter     ,399.0,984.0
Kerala,PATHANAMTHITTA,2013,Autumn     ,8.0,18.0
Kerala,PATHANAMTHITTA,2013,Summer     ,1970.0,6304.0
Kerala,PATHANAMTHITTA,2013,Winter     ,489.0,1232.0
Kerala,PATHANAMTHITTA,2014,Autumn     ,35.0,53.0
Kerala,PATHANAMTHITTA,2014,Summer     ,2084.0,6214.0
Kerala,PATHANAMTHITTA,2014,Winter     ,473.0,1306.0
Kerala,THIRUVANANTHAPURAM,2010,Autumn     ,1492.8,3593.07
Kerala,THIRUVANANTHAPURAM,2010,Summer     ,267.49,559.54
Kerala,THIRUVANANTHAPURAM,2010,Winter     ,1158.51,2770.17
Kerala,THIRUVANANTHAPURAM,2011,Autumn     ,1204.98,3137.87
Kerala,THIRUVANANTHAPURAM,2011,Summer     ,112.24,268.31
Kerala,THIRUVANANTHAPURAM,2011,Winter     ,1077.65,2732.52
Kerala,THIRUVANANTHAPURAM,2012,Autumn     ,596.0,1471.0
Kerala,THIRUVANANTHAPURAM,2012,Summer     ,40.0,91.0
Kerala,THIRUVANANTHAPURAM,2012,Winter     ,1180.0,2534.0
Kerala,THIRUVANANTHAPURAM,2013,Autumn     ,875.0,2468.0
Kerala,THIRUVANANTHAPURAM,2013,Summer     ,133.0,360.0
Kerala,THIRUVANANTHAPURAM,2013,Winter     ,993.0,2498.0
Kerala,THIRUVANANTHAPURAM,2014,Autumn     ,963.0,2588.0
Kerala,THIRUVANANTHAPURAM,2014,Summer     ,66.0,174.0
Kerala,THIRUVANANTHAPURAM,2014,Winter     ,1064.0,2799.0
Kerala,THRISSUR,2010,Autumn     ,3033.46,6012.32
Kerala,THRISSUR,2010,Summer     ,6361.9,20223.94
Kerala,THRISSUR,2010,Winter     ,10863.98,26843.21
Kerala,THRISSUR,2011,Autumn     ,2740.18,5819.23
Kerala,THRISSUR,2011,Summer     ,7705.17,27973.72
Kerala,THRISSUR,2011,Winter     ,10726.71,28522.89
Kerala,THRISSUR,2012,Autumn     ,2577.0,5615.0
Kerala,THRISSUR,2012,Summer     ,7476.0,26342.0
Kerala,THRISSUR,2012,Winter     ,13045.0,35612.0
Kerala,THRISSUR,2013,Autumn     ,1810.0,4153.0
Kerala,THRISSUR,2013,Summer     ,7884.0,27853.0
Kerala,THRISSUR,2013,Winter     ,12580.0,34647.0
Kerala,THRISSUR,2014,Autumn     ,2864.0,6282.0
Kerala,THRISSUR,2014,Summer     ,8051.0,29830.0
Kerala,THRISSUR,2014,Winter     ,13236.0,39904.0
Kerala,WAYANAD,2010,Summer     ,1834.85,5266.37
Kerala,WAYANAD,2010,Winter     ,9218.78,22644.74
Kerala,WAYANAD,2011,Summer     ,1336.82,3551.95
Kerala,WAYANAD,2011,Winter     ,7658.14,19974.22
Kerala,WAYANAD,2012,Summer     ,1034.0,2765.0
Kerala,WAYANAD,2012,Winter     ,9196.0,25287.0
Kerala,WAYANAD,2013,Summer     ,1522.0,4062.0
Kerala,WAYANAD,2013,Winter     ,9959.0,26693.0
Kerala,WAYANAD,2014,Summer     ,1039.0,2844.0
Kerala,WAYANAD,2014,Winter     ,8651.0,23324.0
Madhya Pradesh,AGAR MALWA,2013,Kharif     ,2.0,1.0
Madhya Pradesh,ALIRAJPUR,2010,Kharif     ,7122.0,5226.0
Madhya Pradesh,ALIRAJPUR,2011,Kharif     ,6823.0,5131.0
Madhya Pradesh,ALIRAJPUR,2012,Kharif     ,7082.0,3857.0
Madhya Pradesh,ALIRAJPUR,2013,Kharif     ,6947.0,4361.0
Madhya Pradesh,ANUPPUR,2010,Kharif     ,97568.0,63043.0
Madhya Pradesh,ANUPPUR,2011,Kharif     ,99732.0,102712.0
Madhya Pradesh,ANUPPUR,2012,Kharif     ,105693.0,118574.0
Madhya Pradesh,ANUPPUR,2013,Kharif     ,105066.0,190548.0
Madhya Pradesh,ASHOKNAGAR,2010,Kharif     ,609.0,494.0
Madhya Pradesh,ASHOKNAGAR,2011,Kharif     ,874.0,806.0
Madhya Pradesh,ASHOKNAGAR,2012,Kharif     ,1329.0,3883.0
Madhya Pradesh,ASHOKNAGAR,2013,Kharif     ,1409.0,2336.0
Madhya Pradesh,BALAGHAT,2010,Kharif     ,247865.0,353009.0
Madhya Pradesh,BALAGHAT,2011,Kharif     ,255517.0,346073.0
Madhya Pradesh,BALAGHAT,2012,Kharif     ,260767.0,486464.0
Madhya Pradesh,BALAGHAT,2013,Kharif     ,258647.0,434079.0
Madhya Pradesh,BARWANI,2010,Kharif     ,1476.0,1090.0
Madhya Pradesh,BARWANI,2011,Kharif     ,1363.0,1168.0
Madhya Pradesh,BARWANI,2012,Kharif     ,1158.0,1213.0
Madhya Pradesh,BARWANI,2013,Kharif     ,1092.0,414.0
Madhya Pradesh,BETUL,2010,Kharif     ,43688.0,60801.0
Madhya Pradesh,BETUL,2011,Kharif     ,42539.0,67005.0
Madhya Pradesh,BETUL,2012,Kharif     ,44860.0,121756.0
Madhya Pradesh,BETUL,2013,Kharif     ,43844.0,98853.0
Madhya Pradesh,BHIND,2010,Kharif     ,5616.0,15345.0
Madhya Pradesh,BHIND,2011,Kharif     ,5717.0,18814.0
Madhya Pradesh,BHIND,2012,Kharif     ,4623.0,12471.0
Madhya Pradesh,BHIND,2013,Kharif     ,4800.0,20805.0
Madhya Pradesh,BHOPAL,2010,Kharif     ,461.0,437.0
Madhya Pradesh,BHOPAL,2011,Kharif     ,460.0,760.0
Madhya Pradesh,BHOPAL,2012,Kharif     ,683.0,776.0
Madhya Pradesh,BHOPAL,2013,Kharif     ,522.0,678.0
Madhya Pradesh,BURHANPUR,2010,Kharif     ,1671.0,2461.0
Madhya Pradesh,BURHANPUR,2011,Kharif     ,1550.0,2412.0
Madhya Pradesh,BURHANPUR,2012,Kharif     ,904.0,1507.0
Madhya Pradesh,BURHANPUR,2013,Kharif     ,919.0,909.0
Madhya Pradesh,CHHATARPUR,2010,Kharif     ,8872.0,5538.0
Madhya Pradesh,CHHATARPUR,2011,Kharif     ,7242.0,6445.0
Madhya Pradesh,CHHATARPUR,2012,Kharif     ,5791.0,2167.0
Madhya Pradesh,CHHATARPUR,2013,Kharif     ,5369.0,4745.0
Madhya Pradesh,CHHINDWARA,2010,Kharif     ,18316.0,30176.0
Madhya Pradesh,CHHINDWARA,2011,Kharif     ,18142.0,39481.0
Madhya Pradesh,CHHINDWARA,2012,Kharif     ,13938.0,38372.0
Madhya Pradesh,CHHINDWARA,2013,Kharif     ,13808.0,28052.0
Madhya Pradesh,DAMOH,2010,Kharif     ,50196.0,51888.0
Madhya Pradesh,DAMOH,2011,Kharif     ,53261.0,57884.0
Madhya Pradesh,DAMOH,2012,Kharif     ,56299.0,55933.0
Madhya Pradesh,DAMOH,2013,Kharif     ,55634.0,62313.0
Madhya Pradesh,DATIA,2010,Kharif     ,5747.0,7083.0
Madhya Pradesh,DATIA,2011,Kharif     ,7383.0,8981.0
Madhya Pradesh,DATIA,2012,Kharif     ,8077.0,16534.0
Madhya Pradesh,DATIA,2013,Kharif     ,12141.0,13898.0
Madhya Pradesh,DEWAS,2010,Kharif     ,180.0,158.0
Madhya Pradesh,DEWAS,2011,Kharif     ,167.0,155.0
Madhya Pradesh,DEWAS,2012,Kharif     ,143.0,120.0
Madhya Pradesh,DEWAS,2013,Kharif     ,113.0,76.0
Madhya Pradesh,DHAR,2010,Kharif     ,1198.0,906.0
Madhya Pradesh,DHAR,2011,Kharif     ,961.0,833.0
Madhya Pradesh,DHAR,2012,Kharif     ,764.0,656.0
Madhya Pradesh,DHAR,2013,Kharif     ,664.0,500.0
Madhya Pradesh,DINDORI,2010,Kharif     ,78412.0,54328.0
Madhya Pradesh,DINDORI,2011,Kharif     ,78694.0,79465.0
Madhya Pradesh,DINDORI,2012,Kharif     ,81710.0,126115.0
Madhya Pradesh,DINDORI,2013,Kharif     ,81182.0,124803.0
Madhya Pradesh,GUNA,2010,Kharif     ,706.0,816.0
Madhya Pradesh,GUNA,2011,Kharif     ,602.0,828.0
Madhya Pradesh,GUNA,2012,Kharif     ,542.0,639.0
Madhya Pradesh,GUNA,2013,Kharif     ,512.0,826.0
Madhya Pradesh,GWALIOR,2010,Kharif     ,24474.0,63953.0
Madhya Pradesh,GWALIOR,2011,Kharif     ,30616.0,96275.0
Madhya Pradesh,GWALIOR,2012,Kharif     ,49164.0,89431.0
Madhya Pradesh,GWALIOR,2013,Kharif     ,57509.0,135088.0
Madhya Pradesh,HARDA,2010,Kharif     ,422.0,1195.0
Madhya Pradesh,HARDA,2011,Kharif     ,266.0,932.0
Madhya Pradesh,HARDA,2012,Kharif     ,725.0,2052.0
Madhya Pradesh,HARDA,2013,Kharif     ,859.0,1257.0
Madhya Pradesh,HOSHANGABAD,2010,Kharif     ,23719.0,54441.0
Madhya Pradesh,HOSHANGABAD,2011,Kharif     ,25270.0,50110.0
Madhya Pradesh,HOSHANGABAD,2012,Kharif     ,29322.0,194687.0
Madhya Pradesh,HOSHANGABAD,2013,Kharif     ,40939.0,64662.0
Madhya Pradesh,INDORE,2010,Kharif     ,5.0,5.0
Madhya Pradesh,INDORE,2011,Kharif     ,3.0,3.0
Madhya Pradesh,INDORE,2012,Kharif     ,4.0,4.0
Madhya Pradesh,INDORE,2013,Kharif     ,5.0,2.0
Madhya Pradesh,JABALPUR,2010,Kharif     ,67596.0,83587.0
Madhya Pradesh,JABALPUR,2011,Kharif     ,72237.0,93156.0
Madhya Pradesh,JABALPUR,2012,Kharif     ,81619.0,169606.0
Madhya Pradesh,JABALPUR,2013,Kharif     ,81546.0,76621.0
Madhya Pradesh,JHABUA,2010,Kharif     ,12791.0,8373.0
Madhya Pradesh,JHABUA,2011,Kharif     ,12137.0,8569.0
Madhya Pradesh,JHABUA,2012,Kharif     ,11896.0,5784.0
Madhya Pradesh,JHABUA,2013,Kharif     ,11867.0,19964.0
Madhya Pradesh,KATNI,2010,Kharif     ,83507.0,71370.0
Madhya Pradesh,KATNI,2011,Kharif     ,94215.0,119906.0
Madhya Pradesh,KATNI,2012,Kharif     ,100509.0,123295.0
Madhya Pradesh,KATNI,2013,Kharif     ,107140.0,287742.0
Madhya Pradesh,KHANDWA,2010,Kharif     ,6929.0,9188.0
Madhya Pradesh,KHANDWA,2011,Kharif     ,7713.0,9257.0
Madhya Pradesh,KHANDWA,2012,Kharif     ,4195.0,6215.0
Madhya Pradesh,KHANDWA,2013,Kharif     ,3964.0,3009.0
Madhya Pradesh,KHARGONE,2010,Kharif     ,2762.0,2211.0
Madhya Pradesh,KHARGONE,2011,Kharif     ,2024.0,1711.0
Madhya Pradesh,KHARGONE,2012,Kharif     ,1934.0,1256.0
Madhya Pradesh,KHARGONE,2013,Kharif     ,1735.0,803.0
Madhya Pradesh,MANDLA,2010,Kharif     ,112720.0,103242.0
Madhya Pradesh,MANDLA,2011,Kharif     ,125842.0,131748.0
Madhya Pradesh,MANDLA,2012,Kharif     ,128731.0,86568.0
Madhya Pradesh,MANDLA,2013,Kharif     ,131499.0,117351.0
Madhya Pradesh,MORENA,2010,Kharif     ,184.0,545.0
Madhya Pradesh,MORENA,2011,Kharif     ,255.0,741.0
Madhya Pradesh,MORENA,2012,Kharif     ,235.0,729.0
Madhya Pradesh,MORENA,2013,Kharif     ,540.0,1052.0
Madhya Pradesh,NARSINGHPUR,2010,Kharif     ,12545.0,19469.0
Madhya Pradesh,NARSINGHPUR,2011,Kharif     ,12088.0,22637.0
Madhya Pradesh,NARSINGHPUR,2012,Kharif     ,12914.0,17213.0
Madhya Pradesh,NARSINGHPUR,2013,Kharif     ,18364.0,24989.0
Madhya Pradesh,NEEMUCH,2010,Kharif     ,47.0,35.0
Madhya Pradesh,NEEMUCH,2011,Kharif     ,46.0,35.0
Madhya Pradesh,NEEMUCH,2012,Kharif     ,43.0,23.0
Madhya Pradesh,NEEMUCH,2013,Kharif     ,38.0,14.0
Madhya Pradesh,PANNA,2010,Kharif     ,53696.0,51600.0
Madhya Pradesh,PANNA,2011,Kharif     ,61036.0,62288.0
Madhya Pradesh,PANNA,2012,Kharif     ,63640.0,64908.0
Madhya Pradesh,PANNA,2013,Kharif     ,80645.0,91512.0
Madhya Pradesh,RAISEN,2010,Kharif     ,26154.0,33151.0
Madhya Pradesh,RAISEN,2011,Kharif     ,28702.0,43961.0
Madhya Pradesh,RAISEN,2012,Kharif     ,35335.0,45383.0
Madhya Pradesh,RAISEN,2013,Kharif     ,62686.0,54136.0
Madhya Pradesh,RAJGARH,2010,Kharif     ,538.0,448.0
Madhya Pradesh,RAJGARH,2011,Kharif     ,468.0,426.0
Madhya Pradesh,RAJGARH,2012,Kharif     ,415.0,336.0
Madhya Pradesh,RAJGARH,2013,Kharif     ,364.0,236.0
Madhya Pradesh,RATLAM,2010,Kharif     ,1696.0,1291.0
Madhya Pradesh,RATLAM,2011,Kharif     ,1466.0,1427.0
Madhya Pradesh,RATLAM,2012,Kharif     ,1356.0,1554.0
Madhya Pradesh,RATLAM,2013,Kharif     ,1293.0,1546.0
Madhya Pradesh,REWA,2010,Kharif     ,102073.0,67453.0
Madhya Pradesh,REWA,2011,Kharif     ,116322.0,142916.0
Madhya Pradesh,REWA,2012,Kharif     ,123510.0,199651.0
Madhya Pradesh,REWA,2013,Kharif     ,119623.0,214112.0
Madhya Pradesh,SAGAR,2010,Kharif     ,6004.0,4468.0
Madhya Pradesh,SAGAR,2011,Kharif     ,6550.0,5233.0
Madhya Pradesh,SAGAR,2012,Kharif     ,5258.0,3329.0
Madhya Pradesh,SAGAR,2013,Kharif     ,4776.0,2092.0
Madhya Pradesh,SATNA,2010,Kharif     ,71699.0,74317.0
Madhya Pradesh,SATNA,2011,Kharif     ,88185.0,144500.0
Madhya Pradesh,SATNA,2012,Kharif     ,85378.0,197668.0
Madhya Pradesh,SATNA,2013,Kharif     ,82067.0,188564.0
Madhya Pradesh,SEHORE,2010,Kharif     ,6093.0,6830.0
Madhya Pradesh,SEHORE,2011,Kharif     ,11389.0,18870.0
Madhya Pradesh,SEHORE,2012,Kharif     ,17300.0,45094.0
Madhya Pradesh,SEHORE,2013,Kharif     ,19660.0,61240.0
Madhya Pradesh,SEONI,2010,Kharif     ,116339.0,153894.0
Madhya Pradesh,SEONI,2011,Kharif     ,120142.0,177221.0
Madhya Pradesh,SEONI,2012,Kharif     ,136546.0,281012.0
Madhya Pradesh,SEONI,2013,Kharif     ,150237.0,440990.0
Madhya Pradesh,SHAHDOL,2010,Kharif     ,100909.0,129033.0
Madhya Pradesh,SHAHDOL,2011,Kharif     ,103868.0,191231.0
Madhya Pradesh,SHAHDOL,2012,Kharif     ,111955.0,222074.0
Madhya Pradesh,SHAHDOL,2013,Kharif     ,111790.0,247023.0
Madhya Pradesh,SHAJAPUR,2010,Kharif     ,112.0,83.0
Madhya Pradesh,SHAJAPUR,2011,Kharif     ,101.0,90.0
Madhya Pradesh,SHAJAPUR,2012,Kharif     ,73.0,38.0
Madhya Pradesh,SHAJAPUR,2013,Kharif     ,44.0,17.0
Madhya Pradesh,SHEOPUR,2010,Kharif     ,9476.0,28320.0
Madhya Pradesh,SHEOPUR,2011,Kharif     ,14208.0,41854.0
Madhya Pradesh,SHEOPUR,2012,Kharif     ,13473.0,49940.0
Madhya Pradesh,SHEOPUR,2013,Kharif     ,15566.0,57589.0
Madhya Pradesh,SHIVPURI,2010,Kharif     ,8333.0,13216.0
Madhya Pradesh,SHIVPURI,2011,Kharif     ,9226.0,14559.0
Madhya Pradesh,SHIVPURI,2012,Kharif     ,13399.0,19884.0
Madhya Pradesh,SHIVPURI,2013,Kharif     ,14634.0,17063.0
Madhya Pradesh,SIDHI,2010,Kharif     ,58194.0,50974.0
Madhya Pradesh,SIDHI,2011,Kharif     ,67951.0,71222.0
Madhya Pradesh,SIDHI,2012,Kharif     ,68300.0,95523.0
Madhya Pradesh,SIDHI,2013,Kharif     ,68714.0,101863.0
Madhya Pradesh,SINGRAULI,2010,Kharif     ,44338.0,40293.0
Madhya Pradesh,SINGRAULI,2011,Kharif     ,46780.0,29344.0
Madhya Pradesh,SINGRAULI,2012,Kharif     ,47452.0,142721.0
Madhya Pradesh,SINGRAULI,2013,Kharif     ,47540.0,70835.0
Madhya Pradesh,TIKAMGARH,2010,Kharif     ,11976.0,5378.0
Madhya Pradesh,TIKAMGARH,2011,Kharif     ,12293.0,9106.0
Madhya Pradesh,TIKAMGARH,2012,Kharif     ,11766.0,5604.0
Madhya Pradesh,TIKAMGARH,2013,Kharif     ,11414.0,4009.0
Madhya Pradesh,UMARIA,2010,Kharif     ,38127.0,35056.0
Madhya Pradesh,UMARIA,2011,Kharif     ,39976.0,43841.0
Madhya Pradesh,UMARIA,2012,Kharif     ,40075.0,43260.0
Madhya Pradesh,UMARIA,2013,Kharif     ,40317.0,47310.0
Madhya Pradesh,VIDISHA,2010,Kharif     ,374.0,378.0
Madhya Pradesh,VIDISHA,2011,Kharif     ,829.0,923.0
Madhya Pradesh,VIDISHA,2012,Kharif     ,272.0,267.0
Madhya Pradesh,VIDISHA,2013,Kharif     ,1500.0,836.0
Maharashtra,AHMEDNAGAR,2010,Kharif     ,7500.0,7000.0
Maharashtra,AHMEDNAGAR,2011,Kharif     ,7900.0,7800.0
Maharashtra,AHMEDNAGAR,2012,Kharif     ,7500.0,4600.0
Maharashtra,AHMEDNAGAR,2013,Kharif     ,7900.0,19000.0
Maharashtra,AHMEDNAGAR,2014,Kharif     ,8600.0,2200.0
Maharashtra,AMRAVATI,2010,Kharif     ,3800.0,2800.0
Maharashtra,AMRAVATI,2011,Kharif     ,4100.0,3100.0
Maharashtra,AMRAVATI,2012,Kharif     ,3800.0,1500.0
Maharashtra,AMRAVATI,2013,Kharif     ,4700.0,800.0
Maharashtra,AMRAVATI,2014,Kharif     ,5300.0,1600.0
Maharashtra,BEED,2010,Kharif     ,800.0,300.0
Maharashtra,BEED,2011,Kharif     ,600.0,300.0
Maharashtra,BEED,2012,Kharif     ,600.0,300.0
Maharashtra,BEED,2013,Kharif     ,500.0,300.0
Maharashtra,BEED,2014,Kharif     ,400.0,100.0
Maharashtra,BHANDARA,2010,Kharif     ,181500.0,258800.0
Maharashtra,BHANDARA,2011,Kharif     ,180300.0,308200.0
Maharashtra,BHANDARA,2011,Summer     ,5000.0,12700.0
Maharashtra,BHANDARA,2012,Kharif     ,177200.0,360500.0
Maharashtra,BHANDARA,2012,Summer     ,7100.0,18700.0
Maharashtra,BHANDARA,2013,Kharif     ,186200.0,303500.0
Maharashtra,BHANDARA,2013,Summer     ,8400.0,20770.0
Maharashtra,BHANDARA,2014,Kharif     ,188600.0,305400.0
Maharashtra,BHANDARA,2014,Summer     ,7600.0,17400.0
Maharashtra,CHANDRAPUR,2010,Kharif     ,114300.0,160100.0
Maharashtra,CHANDRAPUR,2011,Kharif     ,158100.0,199900.0
Maharashtra,CHANDRAPUR,2011,Summer     ,1800.0,3300.0
Maharashtra,CHANDRAPUR,2012,Kharif     ,158200.0,250500.0
Maharashtra,CHANDRAPUR,2012,Summer     ,2600.0,5400.0
Maharashtra,CHANDRAPUR,2013,Kharif     ,160200.0,211300.0
Maharashtra,CHANDRAPUR,2013,Summer     ,3200.0,6900.0
Maharashtra,CHANDRAPUR,2014,Kharif     ,141800.0,106700.0
Maharashtra,CHANDRAPUR,2014,Summer     ,4000.0,6800.0
Maharashtra,DHULE,2010,Kharif     ,5000.0,6700.0
Maharashtra,DHULE,2011,Kharif     ,7900.0,5300.0
Maharashtra,DHULE,2012,Kharif     ,7700.0,7400.0
Maharashtra,DHULE,2013,Kharif     ,7700.0,9700.0
Maharashtra,DHULE,2014,Kharif     ,100.0,0.0
Maharashtra,GADCHIROLI,2010,Kharif     ,156800.0,233200.0
Maharashtra,GADCHIROLI,2011,Kharif     ,152200.0,182300.0
Maharashtra,GADCHIROLI,2011,Summer     ,2900.0,4800.0
Maharashtra,GADCHIROLI,2012,Kharif     ,151400.0,228800.0
Maharashtra,GADCHIROLI,2012,Summer     ,2900.0,6200.0
Maharashtra,GADCHIROLI,2013,Kharif     ,153000.0,225600.0
Maharashtra,GADCHIROLI,2013,Summer     ,3000.0,6400.0
Maharashtra,GADCHIROLI,2014,Kharif     ,152800.0,201600.0
Maharashtra,GADCHIROLI,2014,Summer     ,2900.0,4500.0
Maharashtra,GONDIA,2010,Kharif     ,178200.0,306000.0
Maharashtra,GONDIA,2011,Kharif     ,172800.0,294800.0
Maharashtra,GONDIA,2011,Summer     ,7700.0,18200.0
Maharashtra,GONDIA,2012,Kharif     ,177500.0,334600.0
Maharashtra,GONDIA,2012,Summer     ,8900.0,21300.0
Maharashtra,GONDIA,2013,Kharif     ,188100.0,292500.0
Maharashtra,GONDIA,2013,Summer     ,13400.0,32820.0
Maharashtra,GONDIA,2014,Kharif     ,174700.0,340600.0
Maharashtra,GONDIA,2014,Summer     ,12900.0,36100.0
Maharashtra,HINGOLI,2010,Kharif     ,1100.0,700.0
Maharashtra,HINGOLI,2011,Kharif     ,600.0,200.0
Maharashtra,HINGOLI,2012,Kharif     ,600.0,200.0
Maharashtra,JALGAON,2011,Kharif     ,200.0,300.0
Maharashtra,KOLHAPUR,2010,Kharif     ,111500.0,321600.0
Maharashtra,KOLHAPUR,2011,Kharif     ,104300.0,278900.0
Maharashtra,KOLHAPUR,2011,Summer     ,600.0,2000.0
Maharashtra,KOLHAPUR,2012,Kharif     ,107800.0,282200.0
Maharashtra,KOLHAPUR,2012,Summer     ,700.0,1800.0
Maharashtra,KOLHAPUR,2013,Kharif     ,108800.0,339600.0
Maharashtra,KOLHAPUR,2013,Summer     ,800.0,2200.0
Maharashtra,KOLHAPUR,2014,Kharif     ,110900.0,335200.0
Maharashtra,KOLHAPUR,2014,Summer     ,900.0,3400.0
Maharashtra,LATUR,2010,Kharif     ,6300.0,2800.0
Maharashtra,LATUR,2011,Kharif     ,6700.0,3200.0
Maharashtra,LATUR,2012,Kharif     ,8300.0,5000.0
Maharashtra,LATUR,2013,Kharif     ,7600.0,5100.0
Maharashtra,LATUR,2014,Kharif     ,5800.0,1100.0
Maharashtra,NAGPUR,2010,Kharif     ,71400.0,70100.0
Maharashtra,NAGPUR,2011,Kharif     ,77500.0,117400.0
Maharashtra,NAGPUR,2012,Kharif     ,67000.0,100200.0
Maharashtra,NAGPUR,2012,Summer     ,100.0,200.0
Maharashtra,NAGPUR,2013,Kharif     ,77700.0,105000.0
Maharashtra,NAGPUR,2013,Summer     ,100.0,200.0
Maharashtra,NAGPUR,2014,Kharif     ,78800.0,95500.0
Maharashtra,NANDED,2010,Kharif     ,5200.0,2700.0
Maharashtra,NANDED,2011,Kharif     ,4000.0,1500.0
Maharashtra,NANDED,2012,Kharif     ,4000.0,2100.0
Maharashtra,NANDED,2013,Kharif     ,800.0,400.0
Maharashtra,NANDED,2014,Kharif     ,800.0,100.0
Maharashtra,NANDURBAR,2010,Kharif     ,23400.0,24700.0
Maharashtra,NANDURBAR,2011,Kharif     ,19400.0,31700.0
Maharashtra,NANDURBAR,2012,Kharif     ,19500.0,28400.0
Maharashtra,NANDURBAR,2013,Kharif     ,22500.0,20300.0
Maharashtra,NANDURBAR,2014,Kharif     ,18200.0,9000.0
Maharashtra,NASHIK,2010,Kharif     ,59100.0,24000.0
Maharashtra,NASHIK,2011,Kharif     ,62900.0,77800.0
Maharashtra,NASHIK,2012,Kharif     ,67900.0,80800.0
Maharashtra,NASHIK,2013,Kharif     ,72600.0,93300.0
Maharashtra,NASHIK,2014,Kharif     ,71200.0,86700.0
Maharashtra,OSMANABAD,2010,Kharif     ,11200.0,3400.0
Maharashtra,OSMANABAD,2011,Kharif     ,10700.0,4100.0
Maharashtra,OSMANABAD,2012,Kharif     ,11500.0,2800.0
Maharashtra,OSMANABAD,2013,Kharif     ,13100.0,6400.0
Maharashtra,OSMANABAD,2014,Kharif     ,13100.0,2500.0
Maharashtra,PALGHAR,2014,Kharif     ,74800.0,188300.0
Maharashtra,PARBHANI,2010,Kharif     ,4000.0,1800.0
Maharashtra,PARBHANI,2011,Kharif     ,1700.0,600.0
Maharashtra,PARBHANI,2012,Kharif     ,1400.0,100.0
Maharashtra,PARBHANI,2013,Kharif     ,700.0,300.0
Maharashtra,PARBHANI,2014,Kharif     ,300.0,
Maharashtra,PUNE,2010,Kharif     ,60900.0,71900.0
Maharashtra,PUNE,2011,Kharif     ,62000.0,85600.0
Maharashtra,PUNE,2012,Kharif     ,77600.0,106200.0
Maharashtra,PUNE,2013,Kharif     ,82100.0,153200.0
Maharashtra,PUNE,2014,Kharif     ,82100.0,136100.0
Maharashtra,RAIGAD,2010,Kharif     ,124600.0,294600.0
Maharashtra,RAIGAD,2011,Kharif     ,123800.0,298600.0
Maharashtra,RAIGAD,2011,Summer     ,3000.0,7600.0
Maharashtra,RAIGAD,2012,Kharif     ,124100.0,323000.0
Maharashtra,RAIGAD,2012,Summer     ,3800.0,10300.0
Maharashtra,RAIGAD,2013,Kharif     ,124100.0,355100.0
Maharashtra,RAIGAD,2013,Summer     ,3800.0,10800.0
Maharashtra,RAIGAD,2014,Kharif     ,116200.0,320700.0
Maharashtra,RAIGAD,2014,Summer     ,9100.0,30100.0
Maharashtra,RATNAGIRI,2010,Kharif     ,78000.0,223100.0
Maharashtra,RATNAGIRI,2011,Kharif     ,77400.0,226100.0
Maharashtra,RATNAGIRI,2011,Summer     ,100.0,300.0
Maharashtra,RATNAGIRI,2012,Kharif     ,73800.0,214800.0
Maharashtra,RATNAGIRI,2012,Summer     ,100.0,200.0
Maharashtra,RATNAGIRI,2013,Kharif     ,72100.0,213200.0
Maharashtra,RATNAGIRI,2014,Kharif     ,72500.0,220500.0
Maharashtra,SANGLI,2010,Kharif     ,20200.0,53900.0
Maharashtra,SANGLI,2011,Kharif     ,18100.0,33700.0
Maharashtra,SANGLI,2012,Kharif     ,17500.0,33700.0
Maharashtra,SANGLI,2013,Kharif     ,14500.0,25500.0
Maharashtra,SANGLI,2014,Kharif     ,15500.0,31400.0
Maharashtra,SATARA,2010,Kharif     ,50800.0,82200.0
Maharashtra,SATARA,2011,Kharif     ,50500.0,83000.0
Maharashtra,SATARA,2012,Kharif     ,51000.0,70000.0
Maharashtra,SATARA,2013,Kharif     ,50400.0,75600.0
Maharashtra,SATARA,2014,Kharif     ,52900.0,94700.0
Maharashtra,SINDHUDURG,2010,Kharif     ,73900.0,197000.0
Maharashtra,SINDHUDURG,2011,Kharif     ,74200.0,202500.0
Maharashtra,SINDHUDURG,2011,Summer     ,3800.0,8600.0
Maharashtra,SINDHUDURG,2012,Kharif     ,74200.0,207000.0
Maharashtra,SINDHUDURG,2012,Summer     ,2600.0,6200.0
Maharashtra,SINDHUDURG,2013,Kharif     ,74200.0,232800.0
Maharashtra,SINDHUDURG,2013,Summer     ,2600.0,5600.0
Maharashtra,SINDHUDURG,2014,Kharif     ,67400.0,222400.0
Maharashtra,SINDHUDURG,2014,Summer     ,2600.0,5400.0
Maharashtra,SOLAPUR,2010,Kharif     ,700.0,200.0
Maharashtra,SOLAPUR,2011,Kharif     ,700.0,200.0
Maharashtra,SOLAPUR,2012,Kharif     ,400.0,100.0
Maharashtra,SOLAPUR,2013,Kharif     ,400.0,100.0
Maharashtra,SOLAPUR,2014,Kharif     ,400.0,100.0
Maharashtra,THANE,2010,Kharif     ,136000.0,275300.0
Maharashtra,THANE,2011,Kharif     ,137500.0,337200.0
Maharashtra,THANE,2011,Summer     ,2900.0,6800.0
Maharashtra,THANE,2012,Kharif     ,137500.0,356800.0
Maharashtra,THANE,2012,Summer     ,2100.0,6100.0
Maharashtra,THANE,2013,Kharif     ,137500.0,328000.0
Maharashtra,THANE,2013,Summer     ,2100.0,6000.0
Maharashtra,THANE,2014,Kharif     ,55200.0,132900.0
Maharashtra,THANE,2014,Summer     ,2800.0,7500.0
Maharashtra,WASHIM,2011,Kharif     ,200.0,200.0
Maharashtra,YAVATMAL,2011,Kharif     ,100.0,100.0
Maharashtra,YAVATMAL,2012,Kharif     ,100.0,40.0
Maharashtra,YAVATMAL,2013,Kharif     ,100.0,
Meghalaya,EAST GARO HILLS,2010,Autumn     ,10675.0,15218.0
Meghalaya,EAST GARO HILLS,2010,Rabi       ,86.0,110.0
Meghalaya,EAST GARO HILLS,2010,Winter     ,6809.0,10840.0
Meghalaya,EAST GARO HILLS,2011,Autumn     ,10673.0,15161.0
Meghalaya,EAST GARO HILLS,2011,Rabi       ,90.0,126.0
Meghalaya,EAST GARO HILLS,2011,Winter     ,6825.0,10869.0
Meghalaya,EAST GARO HILLS,2012,Autumn     ,10807.0,23015.0
Meghalaya,EAST GARO HILLS,2012,Rabi       ,95.0,136.0
Meghalaya,EAST GARO HILLS,2012,Winter     ,6831.0,11733.0
Meghalaya,EAST GARO HILLS,2013,Autumn     ,5837.0,13713.0
Meghalaya,EAST GARO HILLS,2013,Winter     ,3154.0,5414.0
Meghalaya,EAST GARO HILLS,2014,Autumn     ,5845.0,14605.0
Meghalaya,EAST GARO HILLS,2014,Winter     ,3157.0,5821.0
Meghalaya,EAST JAINTIA HILLS,2010,Autumn     ,101.0,159.0
Meghalaya,EAST JAINTIA HILLS,2010,Rabi       ,50.0,99.0
Meghalaya,EAST JAINTIA HILLS,2010,Winter     ,12223.0,20839.0
Meghalaya,EAST JAINTIA HILLS,2011,Autumn     ,106.0,166.0
Meghalaya,EAST JAINTIA HILLS,2011,Rabi       ,47.0,95.0
Meghalaya,EAST JAINTIA HILLS,2011,Winter     ,12230.0,20856.0
Meghalaya,EAST JAINTIA HILLS,2012,Autumn     ,103.0,232.0
Meghalaya,EAST JAINTIA HILLS,2012,Rabi       ,48.0,103.0
Meghalaya,EAST JAINTIA HILLS,2012,Winter     ,12239.0,22458.0
Meghalaya,EAST JAINTIA HILLS,2013,Autumn     ,77.0,185.0
Meghalaya,EAST JAINTIA HILLS,2013,Winter     ,7911.0,15624.0
Meghalaya,EAST JAINTIA HILLS,2014,Autumn     ,27.0,66.0
Meghalaya,EAST JAINTIA HILLS,2014,Winter     ,4341.0,8937.0
Meghalaya,EAST KHASI HILLS,2010,Autumn     ,275.0,573.0
Meghalaya,EAST KHASI HILLS,2010,Rabi       ,111.0,205.0
Meghalaya,EAST KHASI HILLS,2010,Winter     ,5408.0,9961.0
Meghalaya,EAST KHASI HILLS,2011,Autumn     ,277.0,577.0
Meghalaya,EAST KHASI HILLS,2011,Rabi       ,117.0,216.0
Meghalaya,EAST KHASI HILLS,2011,Winter     ,5419.0,9926.0
Meghalaya,EAST KHASI HILLS,2012,Autumn     ,279.0,790.0
Meghalaya,EAST KHASI HILLS,2012,Rabi       ,122.0,233.0
Meghalaya,EAST KHASI HILLS,2012,Winter     ,5424.0,10698.0
Meghalaya,EAST KHASI HILLS,2013,Autumn     ,280.0,842.0
Meghalaya,EAST KHASI HILLS,2013,Winter     ,5429.0,11500.0
Meghalaya,EAST KHASI HILLS,2014,Autumn     ,281.0,896.0
Meghalaya,EAST KHASI HILLS,2014,Winter     ,5435.0,12335.0
Meghalaya,NORTH GARO HILLS,2014,Autumn     ,4993.0,12110.0
Meghalaya,NORTH GARO HILLS,2014,Winter     ,3687.0,7766.0
Meghalaya,RI BHOI,2010,Autumn     ,154.0,271.0
Meghalaya,RI BHOI,2010,Rabi       ,198.0,424.0
Meghalaya,RI BHOI,2010,Winter     ,9250.0,25055.0
Meghalaya,RI BHOI,2011,Autumn     ,148.0,255.0
Meghalaya,RI BHOI,2011,Rabi       ,128.0,188.0
Meghalaya,RI BHOI,2011,Winter     ,9253.0,25095.0
Meghalaya,RI BHOI,2012,Autumn     ,156.0,388.0
Meghalaya,RI BHOI,2012,Rabi       ,132.0,204.0
Meghalaya,RI BHOI,2012,Winter     ,9261.0,27016.0
Meghalaya,RI BHOI,2013,Autumn     ,157.0,440.0
Meghalaya,RI BHOI,2013,Winter     ,9269.0,29001.0
Meghalaya,RI BHOI,2014,Autumn     ,158.0,494.0
Meghalaya,RI BHOI,2014,Winter     ,9278.0,31115.0
Meghalaya,SOUTH GARO HILLS,2010,Autumn     ,4830.0,5635.0
Meghalaya,SOUTH GARO HILLS,2010,Rabi       ,267.0,369.0
Meghalaya,SOUTH GARO HILLS,2010,Winter     ,3341.0,5473.0
Meghalaya,SOUTH GARO HILLS,2011,Autumn     ,4828.0,5808.0
Meghalaya,SOUTH GARO HILLS,2011,Rabi       ,264.0,292.0
Meghalaya,SOUTH GARO HILLS,2011,Winter     ,3340.0,6319.0
Meghalaya,SOUTH GARO HILLS,2012,Autumn     ,4889.0,9076.0
Meghalaya,SOUTH GARO HILLS,2012,Rabi       ,267.0,294.0
Meghalaya,SOUTH GARO HILLS,2012,Winter     ,3343.0,6802.0
Meghalaya,SOUTH GARO HILLS,2013,Autumn     ,4897.0,9797.0
Meghalaya,SOUTH GARO HILLS,2013,Winter     ,3346.0,7303.0
Meghalaya,SOUTH GARO HILLS,2014,Autumn     ,4905.0,10543.0
Meghalaya,SOUTH GARO HILLS,2014,Winter     ,3349.0,7832.0
Meghalaya,SOUTH WEST GARO HILLS,2014,Autumn     ,5414.0,12334.0
Meghalaya,SOUTH WEST GARO HILLS,2014,Winter     ,7380.0,21175.0
Meghalaya,SOUTH WEST KHASI HILLS,2014,Autumn     ,62.0,138.0
Meghalaya,SOUTH WEST KHASI HILLS,2014,Winter     ,1722.0,3105.0
Meghalaya,WEST GARO HILLS,2010,Autumn     ,16478.0,20515.0
Meghalaya,WEST GARO HILLS,2010,Rabi       ,12033.0,46098.0
Meghalaya,WEST GARO HILLS,2010,Winter     ,18181.0,33689.0
Meghalaya,WEST GARO HILLS,2011,Autumn     ,16480.0,21313.0
Meghalaya,WEST GARO HILLS,2011,Rabi       ,12140.0,53176.0
Meghalaya,WEST GARO HILLS,2011,Winter     ,18685.0,40805.0
Meghalaya,WEST GARO HILLS,2012,Autumn     ,16681.0,32318.0
Meghalaya,WEST GARO HILLS,2012,Rabi       ,12552.0,55697.0
Meghalaya,WEST GARO HILLS,2012,Winter     ,18698.0,52042.0
Meghalaya,WEST GARO HILLS,2013,Autumn     ,11296.0,23688.0
Meghalaya,WEST GARO HILLS,2013,Winter     ,11340.0,32263.0
Meghalaya,WEST GARO HILLS,2014,Autumn     ,11313.0,25183.0
Meghalaya,WEST GARO HILLS,2014,Winter     ,11352.0,33035.0
Meghalaya,WEST JAINTIA HILLS,2014,Autumn     ,78.0,198.0
Meghalaya,WEST JAINTIA HILLS,2014,Winter     ,7920.0,16941.0
Meghalaya,WEST KHASI HILLS,2010,Autumn     ,83.0,121.0
Meghalaya,WEST KHASI HILLS,2010,Rabi       ,52.0,108.0
Meghalaya,WEST KHASI HILLS,2010,Winter     ,7680.0,11259.0
Meghalaya,WEST KHASI HILLS,2011,Autumn     ,93.0,121.0
Meghalaya,WEST KHASI HILLS,2011,Rabi       ,50.0,113.0
Meghalaya,WEST KHASI HILLS,2011,Winter     ,7682.0,11254.0
Meghalaya,WEST KHASI HILLS,2012,Autumn     ,85.0,181.0
Meghalaya,WEST KHASI HILLS,2012,Rabi       ,51.0,119.0
Meghalaya,WEST KHASI HILLS,2012,Winter     ,7688.0,12118.0
Meghalaya,WEST KHASI HILLS,2013,Autumn     ,25.0,62.0
Meghalaya,WEST KHASI HILLS,2013,Winter     ,5975.0,10184.0
Meghalaya,WEST KHASI HILLS,2014,Autumn     ,26.0,64.0
Meghalaya,WEST KHASI HILLS,2014,Winter     ,5980.0,10858.0
Nagaland,DIMAPUR,2010,Kharif     ,43950.0,100470.0
Nagaland,DIMAPUR,2010,Rabi       ,980.0,2310.0
Nagaland,DIMAPUR,2011,Kharif     ,43870.0,101270.0
Nagaland,DIMAPUR,2011,Rabi       ,1610.0,3830.0
Nagaland,DIMAPUR,2012,Kharif     ,44000.0,105700.0
Nagaland,DIMAPUR,2012,Rabi       ,2190.0,5530.0
Nagaland,DIMAPUR,2013,Kharif     ,44830.0,110800.0
Nagaland,DIMAPUR,2013,Rabi       ,2290.0,6000.0
Nagaland,DIMAPUR,2014,Kharif     ,45300.0,115620.0
Nagaland,DIMAPUR,2014,Rabi       ,2380.0,6370.0
Nagaland,KIPHIRE,2010,Kharif     ,9920.0,18650.0
Nagaland,KIPHIRE,2011,Kharif     ,9730.0,18110.0
Nagaland,KIPHIRE,2012,Kharif     ,9740.0,18890.0
Nagaland,KIPHIRE,2013,Kharif     ,10090.0,19880.0
Nagaland,KIPHIRE,2014,Kharif     ,10340.0,21130.0
Nagaland,KOHIMA,2010,Kharif     ,17930.0,37440.0
Nagaland,KOHIMA,2011,Kharif     ,13570.0,29680.0
Nagaland,KOHIMA,2012,Kharif     ,13660.0,31320.0
Nagaland,KOHIMA,2013,Kharif     ,14370.0,34020.0
Nagaland,KOHIMA,2014,Kharif     ,14860.0,35980.0
Nagaland,LONGLENG,2010,Kharif     ,7420.0,13620.0
Nagaland,LONGLENG,2011,Kharif     ,6310.0,11480.0
Nagaland,LONGLENG,2012,Kharif     ,6360.0,12250.0
Nagaland,LONGLENG,2013,Kharif     ,6780.0,13390.0
Nagaland,LONGLENG,2014,Kharif     ,7270.0,14980.0
Nagaland,MOKOKCHUNG,2010,Kharif     ,17670.0,35670.0
Nagaland,MOKOKCHUNG,2011,Kharif     ,14750.0,29830.0
Nagaland,MOKOKCHUNG,2012,Kharif     ,14780.0,31400.0
Nagaland,MOKOKCHUNG,2013,Kharif     ,15150.0,32880.0
Nagaland,MOKOKCHUNG,2014,Kharif     ,15520.0,34500.0
Nagaland,MON,2010,Kharif     ,12530.0,23680.0
Nagaland,MON,2010,Rabi       ,350.0,840.0
Nagaland,MON,2011,Kharif     ,19070.0,36190.0
Nagaland,MON,2011,Rabi       ,850.0,2000.0
Nagaland,MON,2012,Kharif     ,19120.0,38490.0
Nagaland,MON,2012,Rabi       ,1130.0,2840.0
Nagaland,MON,2013,Kharif     ,19510.0,39820.0
Nagaland,MON,2013,Rabi       ,1210.0,3180.0
Nagaland,MON,2014,Kharif     ,19850.0,41130.0
Nagaland,MON,2014,Rabi       ,1270.0,3400.0
Nagaland,PEREN,2010,Kharif     ,11250.0,24930.0
Nagaland,PEREN,2011,Kharif     ,14570.0,31310.0
Nagaland,PEREN,2011,Rabi       ,70.0,160.0
Nagaland,PEREN,2012,Kharif     ,14660.0,32740.0
Nagaland,PEREN,2012,Rabi       ,230.0,580.0
Nagaland,PEREN,2013,Kharif     ,15250.0,34970.0
Nagaland,PEREN,2013,Rabi       ,310.0,820.0
Nagaland,PEREN,2014,Kharif     ,15760.0,37400.0
Nagaland,PEREN,2014,Rabi       ,360.0,970.0
Nagaland,PHEK,2010,Kharif     ,13880.0,33010.0
Nagaland,PHEK,2011,Kharif     ,13830.0,32550.0
Nagaland,PHEK,2012,Kharif     ,13930.0,34180.0
Nagaland,PHEK,2013,Kharif     ,14640.0,37090.0
Nagaland,PHEK,2014,Kharif     ,15190.0,39730.0
Nagaland,TUENSANG,2010,Kharif     ,15040.0,29650.0
Nagaland,TUENSANG,2011,Kharif     ,14070.0,27390.0
Nagaland,TUENSANG,2012,Kharif     ,14140.0,29380.0
Nagaland,TUENSANG,2013,Kharif     ,14530.0,30840.0
Nagaland,TUENSANG,2014,Kharif     ,15810.0,34630.0
Nagaland,WOKHA,2010,Kharif     ,18070.0,36930.0
Nagaland,WOKHA,2011,Kharif     ,17020.0,34840.0
Nagaland,WOKHA,2012,Kharif     ,17070.0,36680.0
Nagaland,WOKHA,2013,Kharif     ,17720.0,39090.0
Nagaland,WOKHA,2014,Kharif     ,18180.0,41140.0
Nagaland,ZUNHEBOTO,2010,Kharif     ,12400.0,24160.0
Nagaland,ZUNHEBOTO,2011,Kharif     ,12260.0,23740.0
Nagaland,ZUNHEBOTO,2012,Kharif     ,12320.0,25200.0
Nagaland,ZUNHEBOTO,2013,Kharif     ,12800.0,26860.0
Nagaland,ZUNHEBOTO,2014,Kharif     ,13150.0,27210.0
Odisha,ANUGUL,2010,Autumn     ,16000.0,4000.0
Odisha,ANUGUL,2010,Winter     ,68000.0,43000.0
Odisha,ANUGUL,2011,Autumn     ,14000.0,9000.0
Odisha,ANUGUL,2011,Summer     ,1000.0,2000.0
Odisha,ANUGUL,2011,Winter     ,64000.0,67000.0
Odisha,ANUGUL,2012,Autumn     ,14000.0,21000.0
Odisha,ANUGUL,2012,Summer     ,173000.0,2000.0
Odisha,ANUGUL,2012,Winter     ,69000.0,152000.0
Odisha,ANUGUL,2013,Autumn     ,13000.0,16000.0
Odisha,ANUGUL,2013,Winter     ,65000.0,134000.0
Odisha,ANUGUL,2014,Autumn     ,15000.0,28000.0
Odisha,ANUGUL,2014,Summer     ,1000.0,1000.0
Odisha,ANUGUL,2014,Winter     ,75000.0,196000.0
Odisha,ANUGUL,2015,Autumn     ,12000.0,12000.0
Odisha,ANUGUL,2015,Winter     ,67000.0,51000.0
Odisha,BALANGIR,2010,Autumn     ,73000.0,75000.0
Odisha,BALANGIR,2010,Summer     ,3000.0,8000.0
Odisha,BALANGIR,2010,Winter     ,136000.0,315000.0
Odisha,BALANGIR,2011,Autumn     ,53000.0,14000.0
Odisha,BALANGIR,2011,Summer     ,4000.0,9000.0
Odisha,BALANGIR,2011,Winter     ,117000.0,51000.0
Odisha,BALANGIR,2012,Autumn     ,64000.0,133000.0
Odisha,BALANGIR,2012,Summer     ,623000.0,10000.0
Odisha,BALANGIR,2012,Winter     ,130000.0,490000.0
Odisha,BALANGIR,2013,Autumn     ,69000.0,145000.0
Odisha,BALANGIR,2013,Summer     ,4000.0,12000.0
Odisha,BALANGIR,2013,Winter     ,131000.0,494000.0
Odisha,BALANGIR,2014,Autumn     ,73000.0,196000.0
Odisha,BALANGIR,2014,Summer     ,3000.0,7000.0
Odisha,BALANGIR,2014,Winter     ,130000.0,438000.0
Odisha,BALANGIR,2015,Autumn     ,74000.0,49000.0
Odisha,BALANGIR,2015,Summer     ,1000.0,3000.0
Odisha,BALANGIR,2015,Winter     ,117000.0,129000.0
Odisha,BALESHWAR,2010,Autumn     ,1000.0,1000.0
Odisha,BALESHWAR,2010,Summer     ,33000.0,88000.0
Odisha,BALESHWAR,2010,Winter     ,205000.0,348000.0
Odisha,BALESHWAR,2011,Autumn     ,1000.0,1000.0
Odisha,BALESHWAR,2011,Summer     ,24000.0,72000.0
Odisha,BALESHWAR,2011,Winter     ,211000.0,425000.0
Odisha,BALESHWAR,2012,Summer     ,278000.0,86000.0
Odisha,BALESHWAR,2012,Winter     ,180000.0,278000.0
Odisha,BALESHWAR,2013,Summer     ,31000.0,117000.0
Odisha,BALESHWAR,2013,Winter     ,195000.0,165000.0
Odisha,BALESHWAR,2014,Summer     ,38000.0,139000.0
Odisha,BALESHWAR,2014,Winter     ,181000.0,362000.0
Odisha,BALESHWAR,2015,Summer     ,29000.0,93000.0
Odisha,BALESHWAR,2015,Winter     ,192000.0,283000.0
Odisha,BARGARH,2010,Autumn     ,59000.0,47000.0
Odisha,BARGARH,2010,Summer     ,67000.0,278000.0
Odisha,BARGARH,2010,Winter     ,177000.0,370000.0
Odisha,BARGARH,2011,Autumn     ,53000.0,41000.0
Odisha,BARGARH,2011,Summer     ,71000.0,266000.0
Odisha,BARGARH,2011,Winter     ,182000.0,342000.0
Odisha,BARGARH,2012,Autumn     ,52000.0,105000.0
Odisha,BARGARH,2012,Summer     ,687000.0,265000.0
Odisha,BARGARH,2012,Winter     ,181000.0,582000.0
Odisha,BARGARH,2013,Autumn     ,61000.0,74000.0
Odisha,BARGARH,2013,Summer     ,84000.0,329000.0
Odisha,BARGARH,2013,Winter     ,180000.0,338000.0
Odisha,BARGARH,2014,Autumn     ,57000.0,110000.0
Odisha,BARGARH,2014,Summer     ,76000.0,303000.0
Odisha,BARGARH,2014,Winter     ,174000.0,485000.0
Odisha,BARGARH,2015,Autumn     ,62000.0,24000.0
Odisha,BARGARH,2015,Summer     ,73000.0,301000.0
Odisha,BARGARH,2015,Winter     ,172000.0,267000.0
Odisha,BHADRAK,2010,Summer     ,2000.0,4000.0
Odisha,BHADRAK,2010,Winter     ,156000.0,285000.0
Odisha,BHADRAK,2011,Summer     ,6000.0,11000.0
Odisha,BHADRAK,2011,Winter     ,168000.0,275000.0
Odisha,BHADRAK,2012,Summer     ,350000.0,5000.0
Odisha,BHADRAK,2012,Winter     ,164000.0,350000.0
Odisha,BHADRAK,2013,Summer     ,3000.0,8000.0
Odisha,BHADRAK,2013,Winter     ,165000.0,239000.0
Odisha,BHADRAK,2014,Summer     ,6000.0,11000.0
Odisha,BHADRAK,2014,Winter     ,158000.0,222000.0
Odisha,BHADRAK,2015,Summer     ,2000.0,5000.0
Odisha,BHADRAK,2015,Winter     ,160000.0,402000.0
Odisha,BOUDH,2010,Autumn     ,7000.0,5000.0
Odisha,BOUDH,2010,Summer     ,1000.0,1000.0
Odisha,BOUDH,2010,Winter     ,57000.0,72000.0
Odisha,BOUDH,2011,Autumn     ,5000.0,3000.0
Odisha,BOUDH,2011,Summer     ,1000.0,1000.0
Odisha,BOUDH,2011,Winter     ,59000.0,72000.0
Odisha,BOUDH,2012,Autumn     ,6000.0,8000.0
Odisha,BOUDH,2012,Summer     ,173000.0,3000.0
Odisha,BOUDH,2012,Winter     ,62000.0,165000.0
Odisha,BOUDH,2013,Autumn     ,7000.0,8000.0
Odisha,BOUDH,2013,Summer     ,2000.0,4000.0
Odisha,BOUDH,2013,Winter     ,59000.0,110000.0
Odisha,BOUDH,2014,Autumn     ,5000.0,7000.0
Odisha,BOUDH,2014,Summer     ,1000.0,3000.0
Odisha,BOUDH,2014,Winter     ,53000.0,127000.0
Odisha,BOUDH,2015,Autumn     ,5000.0,3000.0
Odisha,BOUDH,2015,Summer     ,1000.0,2000.0
Odisha,BOUDH,2015,Winter     ,55000.0,52000.0
Odisha,CUTTACK,2010,Autumn     ,7000.0,7000.0
Odisha,CUTTACK,2010,Summer     ,3000.0,7000.0
Odisha,CUTTACK,2010,Winter     ,126000.0,232000.0
Odisha,CUTTACK,2011,Autumn     ,6000.0,4000.0
Odisha,CUTTACK,2011,Summer     ,4000.0,11000.0
Odisha,CUTTACK,2011,Winter     ,128000.0,246000.0
Odisha,CUTTACK,2012,Autumn     ,8000.0,17000.0
Odisha,CUTTACK,2012,Summer     ,376000.0,6000.0
Odisha,CUTTACK,2012,Winter     ,120000.0,359000.0
Odisha,CUTTACK,2013,Autumn     ,3000.0,3000.0
Odisha,CUTTACK,2013,Summer     ,3000.0,6000.0
Odisha,CUTTACK,2013,Winter     ,115000.0,168000.0
Odisha,CUTTACK,2014,Autumn     ,1000.0,2000.0
Odisha,CUTTACK,2014,Summer     ,1000.0,3000.0
Odisha,CUTTACK,2014,Winter     ,120000.0,301000.0
Odisha,CUTTACK,2015,Autumn     ,2000.0,3000.0
Odisha,CUTTACK,2015,Summer     ,1000.0,2000.0
Odisha,CUTTACK,2015,Winter     ,118000.0,239000.0
Odisha,DEOGARH,2010,Autumn     ,19000.0,10000.0
Odisha,DEOGARH,2010,Winter     ,23000.0,20000.0
Odisha,DEOGARH,2011,Autumn     ,14000.0,15000.0
Odisha,DEOGARH,2011,Winter     ,24000.0,46000.0
Odisha,DEOGARH,2012,Autumn     ,17000.0,35000.0
Odisha,DEOGARH,2012,Summer     ,111000.0,7000.0
Odisha,DEOGARH,2012,Winter     ,26000.0,76000.0
Odisha,DEOGARH,2013,Autumn     ,16000.0,28000.0
Odisha,DEOGARH,2013,Summer     ,2000.0,5000.0
Odisha,DEOGARH,2013,Winter     ,34000.0,92000.0
Odisha,DEOGARH,2014,Autumn     ,20000.0,47000.0
Odisha,DEOGARH,2014,Winter     ,29000.0,101000.0
Odisha,DEOGARH,2015,Autumn     ,14000.0,17000.0
Odisha,DEOGARH,2015,Winter     ,33000.0,30000.0
Odisha,DHENKANAL,2010,Autumn     ,9000.0,5000.0
Odisha,DHENKANAL,2010,Winter     ,83000.0,121000.0
Odisha,DHENKANAL,2011,Autumn     ,4000.0,5000.0
Odisha,DHENKANAL,2011,Summer     ,1000.0,3000.0
Odisha,DHENKANAL,2011,Winter     ,88000.0,185000.0
Odisha,DHENKANAL,2012,Autumn     ,4000.0,6000.0
Odisha,DHENKANAL,2012,Summer     ,225000.0,2000.0
Odisha,DHENKANAL,2012,Winter     ,79000.0,219000.0
Odisha,DHENKANAL,2013,Autumn     ,4000.0,6000.0
Odisha,DHENKANAL,2013,Summer     ,1000.0,4000.0
Odisha,DHENKANAL,2013,Winter     ,88000.0,238000.0
Odisha,DHENKANAL,2014,Autumn     ,6000.0,12000.0
Odisha,DHENKANAL,2014,Winter     ,92000.0,312000.0
Odisha,DHENKANAL,2015,Autumn     ,5000.0,6000.0
Odisha,DHENKANAL,2015,Winter     ,81000.0,131000.0
Odisha,GAJAPATI,2010,Autumn     ,1000.0,1000.0
Odisha,GAJAPATI,2010,Winter     ,37000.0,73000.0
Odisha,GAJAPATI,2011,Winter     ,36000.0,37000.0
Odisha,GAJAPATI,2012,Summer     ,67000.0,1000.0
Odisha,GAJAPATI,2012,Winter     ,32000.0,67000.0
Odisha,GAJAPATI,2013,Summer     ,1000.0,1000.0
Odisha,GAJAPATI,2013,Winter     ,37000.0,33000.0
Odisha,GAJAPATI,2014,Winter     ,37000.0,55000.0
Odisha,GAJAPATI,2015,Summer     ,1000.0,1000.0
Odisha,GAJAPATI,2015,Winter     ,36000.0,35000.0
Odisha,GANJAM,2010,Autumn     ,1000.0,2000.0
Odisha,GANJAM,2010,Summer     ,2000.0,2000.0
Odisha,GANJAM,2010,Winter     ,271000.0,428000.0
Odisha,GANJAM,2011,Autumn     ,1000.0,1000.0
Odisha,GANJAM,2011,Winter     ,261000.0,152000.0
Odisha,GANJAM,2012,Autumn     ,1000.0,1000.0
Odisha,GANJAM,2012,Summer     ,458000.0,
Odisha,GANJAM,2012,Winter     ,255000.0,457000.0
Odisha,GANJAM,2013,Autumn     ,1000.0,1000.0
Odisha,GANJAM,2013,Summer     ,1000.0,1000.0
Odisha,GANJAM,2013,Winter     ,250000.0,90000.0
Odisha,GANJAM,2014,Summer     ,1000.0,2000.0
Odisha,GANJAM,2014,Winter     ,264000.0,715000.0
Odisha,GANJAM,2015,Winter     ,242000.0,465000.0
Odisha,JAGATSINGHAPUR,2010,Autumn     ,2000.0,3000.0
Odisha,JAGATSINGHAPUR,2010,Summer     ,1000.0,2000.0
Odisha,JAGATSINGHAPUR,2010,Winter     ,85000.0,132000.0
Odisha,JAGATSINGHAPUR,2011,Autumn     ,2000.0,2000.0
Odisha,JAGATSINGHAPUR,2011,Winter     ,79000.0,193000.0
Odisha,JAGATSINGHAPUR,2012,Autumn     ,1000.0,2000.0
Odisha,JAGATSINGHAPUR,2012,Summer     ,210000.0,2000.0
Odisha,JAGATSINGHAPUR,2012,Winter     ,71000.0,208000.0
Odisha,JAGATSINGHAPUR,2013,Autumn     ,1000.0,1000.0
Odisha,JAGATSINGHAPUR,2013,Summer     ,1000.0,2000.0
Odisha,JAGATSINGHAPUR,2013,Winter     ,79000.0,159000.0
Odisha,JAGATSINGHAPUR,2014,Autumn     ,2000.0,3000.0
Odisha,JAGATSINGHAPUR,2014,Summer     ,1000.0,4000.0
Odisha,JAGATSINGHAPUR,2014,Winter     ,82000.0,178000.0
Odisha,JAGATSINGHAPUR,2015,Autumn     ,1000.0,2000.0
Odisha,JAGATSINGHAPUR,2015,Winter     ,79000.0,202000.0
Odisha,JAJAPUR,2010,Autumn     ,14000.0,10000.0
Odisha,JAJAPUR,2010,Summer     ,2000.0,3000.0
Odisha,JAJAPUR,2010,Winter     ,110000.0,160000.0
Odisha,JAJAPUR,2011,Autumn     ,12000.0,4000.0
Odisha,JAJAPUR,2011,Summer     ,1000.0,3000.0
Odisha,JAJAPUR,2011,Winter     ,108000.0,126000.0
Odisha,JAJAPUR,2012,Autumn     ,16000.0,14000.0
Odisha,JAJAPUR,2012,Summer     ,213000.0,4000.0
Odisha,JAJAPUR,2012,Winter     ,106000.0,199000.0
Odisha,JAJAPUR,2013,Autumn     ,15000.0,18000.0
Odisha,JAJAPUR,2013,Summer     ,2000.0,6000.0
Odisha,JAJAPUR,2013,Winter     ,109000.0,110000.0
Odisha,JAJAPUR,2014,Autumn     ,13000.0,13000.0
Odisha,JAJAPUR,2014,Summer     ,2000.0,5000.0
Odisha,JAJAPUR,2014,Winter     ,114000.0,221000.0
Odisha,JAJAPUR,2015,Autumn     ,16000.0,18000.0
Odisha,JAJAPUR,2015,Summer     ,1000.0,2000.0
Odisha,JAJAPUR,2015,Winter     ,93000.0,116000.0
Odisha,JHARSUGUDA,2010,Autumn     ,22000.0,6000.0
Odisha,JHARSUGUDA,2010,Summer     ,1000.0,1000.0
Odisha,JHARSUGUDA,2010,Winter     ,30000.0,25000.0
Odisha,JHARSUGUDA,2011,Autumn     ,12000.0,6000.0
Odisha,JHARSUGUDA,2011,Summer     ,1000.0,1000.0
Odisha,JHARSUGUDA,2011,Winter     ,26000.0,39000.0
Odisha,JHARSUGUDA,2012,Autumn     ,13000.0,25000.0
Odisha,JHARSUGUDA,2012,Summer     ,99000.0,1000.0
Odisha,JHARSUGUDA,2012,Winter     ,24000.0,74000.0
Odisha,JHARSUGUDA,2013,Autumn     ,17000.0,14000.0
Odisha,JHARSUGUDA,2013,Winter     ,23000.0,37000.0
Odisha,JHARSUGUDA,2014,Autumn     ,23000.0,22000.0
Odisha,JHARSUGUDA,2014,Winter     ,46000.0,76000.0
Odisha,JHARSUGUDA,2015,Autumn     ,18000.0,11000.0
Odisha,JHARSUGUDA,2015,Winter     ,28000.0,32000.0
Odisha,KALAHANDI,2010,Autumn     ,73000.0,112000.0
Odisha,KALAHANDI,2010,Summer     ,50000.0,129000.0
Odisha,KALAHANDI,2010,Winter     ,153000.0,394000.0
Odisha,KALAHANDI,2011,Autumn     ,56000.0,38000.0
Odisha,KALAHANDI,2011,Summer     ,12000.0,28000.0
Odisha,KALAHANDI,2011,Winter     ,146000.0,139000.0
Odisha,KALAHANDI,2012,Autumn     ,65000.0,117000.0
Odisha,KALAHANDI,2012,Summer     ,542000.0,113000.0
Odisha,KALAHANDI,2012,Winter     ,145000.0,425000.0
Odisha,KALAHANDI,2013,Autumn     ,63000.0,112000.0
Odisha,KALAHANDI,2013,Summer     ,40000.0,103000.0
Odisha,KALAHANDI,2013,Winter     ,146000.0,405000.0
Odisha,KALAHANDI,2014,Autumn     ,54000.0,90000.0
Odisha,KALAHANDI,2014,Summer     ,44000.0,123000.0
Odisha,KALAHANDI,2014,Winter     ,139000.0,338000.0
Odisha,KALAHANDI,2015,Autumn     ,41000.0,29000.0
Odisha,KALAHANDI,2015,Summer     ,16000.0,41000.0
Odisha,KALAHANDI,2015,Winter     ,142000.0,152000.0
Odisha,KANDHAMAL,2010,Autumn     ,12000.0,12000.0
Odisha,KANDHAMAL,2010,Summer     ,1000.0,1000.0
Odisha,KANDHAMAL,2010,Winter     ,41000.0,57000.0
Odisha,KANDHAMAL,2011,Autumn     ,5000.0,5000.0
Odisha,KANDHAMAL,2011,Summer     ,1000.0,1000.0
Odisha,KANDHAMAL,2011,Winter     ,32000.0,36000.0
Odisha,KANDHAMAL,2012,Autumn     ,8000.0,9000.0
Odisha,KANDHAMAL,2012,Summer     ,71000.0,1000.0
Odisha,KANDHAMAL,2012,Winter     ,35000.0,62000.0
Odisha,KANDHAMAL,2013,Autumn     ,9000.0,11000.0
Odisha,KANDHAMAL,2013,Winter     ,37000.0,60000.0
Odisha,KANDHAMAL,2014,Autumn     ,9000.0,11000.0
Odisha,KANDHAMAL,2014,Summer     ,1000.0,1000.0
Odisha,KANDHAMAL,2014,Winter     ,36000.0,73000.0
Odisha,KANDHAMAL,2015,Autumn     ,4000.0,2000.0
Odisha,KANDHAMAL,2015,Winter     ,26000.0,24000.0
Odisha,KENDRAPARA,2010,Autumn     ,3000.0,4000.0
Odisha,KENDRAPARA,2010,Summer     ,3000.0,6000.0
Odisha,KENDRAPARA,2010,Winter     ,129000.0,157000.0
Odisha,KENDRAPARA,2011,Autumn     ,2000.0,2000.0
Odisha,KENDRAPARA,2011,Summer     ,3000.0,7000.0
Odisha,KENDRAPARA,2011,Winter     ,130000.0,195000.0
Odisha,KENDRAPARA,2012,Autumn     ,2000.0,3000.0
Odisha,KENDRAPARA,2012,Summer     ,259000.0,7000.0
Odisha,KENDRAPARA,2012,Winter     ,138000.0,256000.0
Odisha,KENDRAPARA,2013,Autumn     ,3000.0,4000.0
Odisha,KENDRAPARA,2013,Summer     ,2000.0,4000.0
Odisha,KENDRAPARA,2013,Winter     ,130000.0,149000.0
Odisha,KENDRAPARA,2014,Autumn     ,2000.0,3000.0
Odisha,KENDRAPARA,2014,Summer     ,1000.0,2000.0
Odisha,KENDRAPARA,2014,Winter     ,123000.0,175000.0
Odisha,KENDRAPARA,2015,Autumn     ,2000.0,4000.0
Odisha,KENDRAPARA,2015,Summer     ,2000.0,4000.0
Odisha,KENDRAPARA,2015,Winter     ,116000.0,213000.0
Odisha,KENDUJHAR,2010,Autumn     ,38000.0,23000.0
Odisha,KENDUJHAR,2010,Summer     ,3000.0,7000.0
Odisha,KENDUJHAR,2010,Winter     ,140000.0,162000.0
Odisha,KENDUJHAR,2011,Autumn     ,32000.0,37000.0
Odisha,KENDUJHAR,2011,Summer     ,2000.0,5000.0
Odisha,KENDUJHAR,2011,Winter     ,138000.0,247000.0
Odisha,KENDUJHAR,2012,Autumn     ,24000.0,31000.0
Odisha,KENDUJHAR,2012,Summer     ,277000.0,8000.0
Odisha,KENDUJHAR,2012,Winter     ,144000.0,246000.0
Odisha,KENDUJHAR,2013,Autumn     ,30000.0,40000.0
Odisha,KENDUJHAR,2013,Summer     ,2000.0,6000.0
Odisha,KENDUJHAR,2013,Winter     ,144000.0,227000.0
Odisha,KENDUJHAR,2014,Autumn     ,34000.0,54000.0
Odisha,KENDUJHAR,2014,Summer     ,2000.0,5000.0
Odisha,KENDUJHAR,2014,Winter     ,140000.0,354000.0
Odisha,KENDUJHAR,2015,Autumn     ,25000.0,18000.0
Odisha,KENDUJHAR,2015,Summer     ,1000.0,4000.0
Odisha,KENDUJHAR,2015,Winter     ,157000.0,185000.0
Odisha,KHORDHA,2010,Summer     ,1000.0,3000.0
Odisha,KHORDHA,2010,Winter     ,100000.0,166000.0
Odisha,KHORDHA,2011,Summer     ,1000.0,2000.0
Odisha,KHORDHA,2011,Winter     ,96000.0,147000.0
Odisha,KHORDHA,2012,Summer     ,202000.0,3000.0
Odisha,KHORDHA,2012,Winter     ,89000.0,202000.0
Odisha,KHORDHA,2013,Summer     ,1000.0,6000.0
Odisha,KHORDHA,2013,Winter     ,97000.0,74000.0
Odisha,KHORDHA,2014,Summer     ,1000.0,4000.0
Odisha,KHORDHA,2014,Winter     ,101000.0,219000.0
Odisha,KHORDHA,2015,Summer     ,1000.0,4000.0
Odisha,KHORDHA,2015,Winter     ,98000.0,138000.0
Odisha,KORAPUT,2010,Autumn     ,29000.0,35000.0
Odisha,KORAPUT,2010,Summer     ,20000.0,41000.0
Odisha,KORAPUT,2010,Winter     ,85000.0,174000.0
Odisha,KORAPUT,2011,Autumn     ,24000.0,22000.0
Odisha,KORAPUT,2011,Summer     ,13000.0,31000.0
Odisha,KORAPUT,2011,Winter     ,81000.0,119000.0
Odisha,KORAPUT,2012,Autumn     ,23000.0,28000.0
Odisha,KORAPUT,2012,Summer     ,208000.0,34000.0
Odisha,KORAPUT,2012,Winter     ,80000.0,180000.0
Odisha,KORAPUT,2013,Autumn     ,23000.0,32000.0
Odisha,KORAPUT,2013,Summer     ,21000.0,56000.0
Odisha,KORAPUT,2013,Winter     ,89000.0,267000.0
Odisha,KORAPUT,2014,Autumn     ,20000.0,23000.0
Odisha,KORAPUT,2014,Summer     ,25000.0,61000.0
Odisha,KORAPUT,2014,Winter     ,90000.0,191000.0
Odisha,KORAPUT,2015,Autumn     ,13000.0,13000.0
Odisha,KORAPUT,2015,Summer     ,25000.0,64000.0
Odisha,KORAPUT,2015,Winter     ,84000.0,163000.0
Odisha,MALKANGIRI,2010,Autumn     ,13000.0,15000.0
Odisha,MALKANGIRI,2010,Summer     ,2000.0,4000.0
Odisha,MALKANGIRI,2010,Winter     ,83000.0,183000.0
Odisha,MALKANGIRI,2011,Autumn     ,12000.0,4000.0
Odisha,MALKANGIRI,2011,Winter     ,82000.0,48000.0
Odisha,MALKANGIRI,2012,Autumn     ,10000.0,9000.0
Odisha,MALKANGIRI,2012,Summer     ,178000.0,4000.0
Odisha,MALKANGIRI,2012,Winter     ,85000.0,169000.0
Odisha,MALKANGIRI,2013,Autumn     ,9000.0,9000.0
Odisha,MALKANGIRI,2013,Summer     ,1000.0,3000.0
Odisha,MALKANGIRI,2013,Winter     ,89000.0,162000.0
Odisha,MALKANGIRI,2014,Autumn     ,9000.0,11000.0
Odisha,MALKANGIRI,2014,Summer     ,1000.0,2000.0
Odisha,MALKANGIRI,2014,Winter     ,93000.0,165000.0
Odisha,MALKANGIRI,2015,Autumn     ,10000.0,9000.0
Odisha,MALKANGIRI,2015,Summer     ,3000.0,7000.0
Odisha,MALKANGIRI,2015,Winter     ,86000.0,120000.0
Odisha,MAYURBHANJ,2010,Autumn     ,44000.0,14000.0
Odisha,MAYURBHANJ,2010,Summer     ,3000.0,7000.0
Odisha,MAYURBHANJ,2010,Winter     ,237000.0,240000.0
Odisha,MAYURBHANJ,2011,Autumn     ,29000.0,39000.0
Odisha,MAYURBHANJ,2011,Summer     ,4000.0,9000.0
Odisha,MAYURBHANJ,2011,Winter     ,266000.0,508000.0
Odisha,MAYURBHANJ,2012,Autumn     ,25000.0,30000.0
Odisha,MAYURBHANJ,2012,Summer     ,490000.0,6000.0
Odisha,MAYURBHANJ,2012,Winter     ,260000.0,460000.0
Odisha,MAYURBHANJ,2013,Autumn     ,28000.0,29000.0
Odisha,MAYURBHANJ,2013,Summer     ,4000.0,8000.0
Odisha,MAYURBHANJ,2013,Winter     ,273000.0,387000.0
Odisha,MAYURBHANJ,2014,Autumn     ,36000.0,56000.0
Odisha,MAYURBHANJ,2014,Summer     ,4000.0,8000.0
Odisha,MAYURBHANJ,2014,Winter     ,276000.0,623000.0
Odisha,MAYURBHANJ,2015,Autumn     ,37000.0,33000.0
Odisha,MAYURBHANJ,2015,Summer     ,3000.0,6000.0
Odisha,MAYURBHANJ,2015,Winter     ,278000.0,274000.0
Odisha,NABARANGPUR,2010,Autumn     ,35000.0,44000.0
Odisha,NABARANGPUR,2010,Summer     ,3000.0,5000.0
Odisha,NABARANGPUR,2010,Winter     ,109000.0,235000.0
Odisha,NABARANGPUR,2011,Autumn     ,26000.0,13000.0
Odisha,NABARANGPUR,2011,Winter     ,114000.0,84000.0
Odisha,NABARANGPUR,2012,Autumn     ,29000.0,44000.0
Odisha,NABARANGPUR,2012,Summer     ,327000.0,2000.0
Odisha,NABARANGPUR,2012,Winter     ,114000.0,283000.0
Odisha,NABARANGPUR,2013,Autumn     ,20000.0,34000.0
Odisha,NABARANGPUR,2013,Summer     ,1000.0,3000.0
Odisha,NABARANGPUR,2013,Winter     ,126000.0,384000.0
Odisha,NABARANGPUR,2014,Autumn     ,25000.0,39000.0
Odisha,NABARANGPUR,2014,Winter     ,122000.0,303000.0
Odisha,NABARANGPUR,2015,Autumn     ,21000.0,17000.0
Odisha,NABARANGPUR,2015,Summer     ,1000.0,2000.0
Odisha,NABARANGPUR,2015,Winter     ,116000.0,154000.0
Odisha,NAYAGARH,2010,Autumn     ,2000.0,3000.0
Odisha,NAYAGARH,2010,Winter     ,92000.0,153000.0
Odisha,NAYAGARH,2011,Autumn     ,1000.0,1000.0
Odisha,NAYAGARH,2011,Winter     ,85000.0,54000.0
Odisha,NAYAGARH,2012,Autumn     ,1000.0,1000.0
Odisha,NAYAGARH,2012,Summer     ,209000.0,
Odisha,NAYAGARH,2012,Winter     ,95000.0,208000.0
Odisha,NAYAGARH,2013,Autumn     ,1000.0,1000.0
Odisha,NAYAGARH,2013,Winter     ,101000.0,85000.0
Odisha,NAYAGARH,2014,Autumn     ,1000.0,1000.0
Odisha,NAYAGARH,2014,Summer     ,1000.0,1000.0
Odisha,NAYAGARH,2014,Winter     ,90000.0,190000.0
Odisha,NAYAGARH,2015,Autumn     ,1000.0,
Odisha,NAYAGARH,2015,Winter     ,90000.0,77000.0
Odisha,NUAPADA,2010,Autumn     ,39000.0,57000.0
Odisha,NUAPADA,2010,Summer     ,5000.0,10000.0
Odisha,NUAPADA,2010,Winter     ,61000.0,124000.0
Odisha,NUAPADA,2011,Autumn     ,36000.0,17000.0
Odisha,NUAPADA,2011,Summer     ,4000.0,7000.0
Odisha,NUAPADA,2011,Winter     ,59000.0,52000.0
Odisha,NUAPADA,2012,Autumn     ,34000.0,53000.0
Odisha,NUAPADA,2012,Summer     ,198000.0,8000.0
Odisha,NUAPADA,2012,Winter     ,61000.0,145000.0
Odisha,NUAPADA,2013,Autumn     ,37000.0,53000.0
Odisha,NUAPADA,2013,Summer     ,5000.0,14000.0
Odisha,NUAPADA,2013,Winter     ,63000.0,143000.0
Odisha,NUAPADA,2014,Autumn     ,31000.0,48000.0
Odisha,NUAPADA,2014,Summer     ,3000.0,8000.0
Odisha,NUAPADA,2014,Winter     ,58000.0,139000.0
Odisha,NUAPADA,2015,Autumn     ,27000.0,9000.0
Odisha,NUAPADA,2015,Summer     ,6000.0,18000.0
Odisha,NUAPADA,2015,Winter     ,60000.0,52000.0
Odisha,PURI,2010,Autumn     ,1000.0,1000.0
Odisha,PURI,2010,Summer     ,33000.0,76000.0
Odisha,PURI,2010,Winter     ,120000.0,182000.0
Odisha,PURI,2011,Summer     ,30000.0,78000.0
Odisha,PURI,2011,Winter     ,120000.0,146000.0
Odisha,PURI,2012,Summer     ,245000.0,99000.0
Odisha,PURI,2012,Winter     ,107000.0,244000.0
Odisha,PURI,2013,Summer     ,32000.0,108000.0
Odisha,PURI,2013,Winter     ,103000.0,91000.0
Odisha,PURI,2014,Summer     ,31000.0,95000.0
Odisha,PURI,2014,Winter     ,100000.0,182000.0
Odisha,PURI,2015,Summer     ,27000.0,76000.0
Odisha,PURI,2015,Winter     ,105000.0,199000.0
Odisha,RAYAGADA,2010,Autumn     ,8000.0,8000.0
Odisha,RAYAGADA,2010,Summer     ,3000.0,6000.0
Odisha,RAYAGADA,2010,Winter     ,49000.0,112000.0
Odisha,RAYAGADA,2011,Autumn     ,6000.0,5000.0
Odisha,RAYAGADA,2011,Summer     ,1000.0,2000.0
Odisha,RAYAGADA,2011,Winter     ,52000.0,67000.0
Odisha,RAYAGADA,2012,Autumn     ,7000.0,7000.0
Odisha,RAYAGADA,2012,Summer     ,115000.0,3000.0
Odisha,RAYAGADA,2012,Winter     ,48000.0,108000.0
Odisha,RAYAGADA,2013,Autumn     ,7000.0,7000.0
Odisha,RAYAGADA,2013,Summer     ,4000.0,9000.0
Odisha,RAYAGADA,2013,Winter     ,57000.0,153000.0
Odisha,RAYAGADA,2014,Autumn     ,6000.0,7000.0
Odisha,RAYAGADA,2014,Summer     ,5000.0,15000.0
Odisha,RAYAGADA,2014,Winter     ,54000.0,161000.0
Odisha,RAYAGADA,2015,Autumn     ,5000.0,3000.0
Odisha,RAYAGADA,2015,Summer     ,2000.0,4000.0
Odisha,RAYAGADA,2015,Winter     ,45000.0,54000.0
Odisha,SAMBALPUR,2010,Autumn     ,43000.0,17000.0
Odisha,SAMBALPUR,2010,Summer     ,23000.0,83000.0
Odisha,SAMBALPUR,2010,Winter     ,87000.0,122000.0
Odisha,SAMBALPUR,2011,Autumn     ,36000.0,31000.0
Odisha,SAMBALPUR,2011,Summer     ,18000.0,69000.0
Odisha,SAMBALPUR,2011,Winter     ,83000.0,144000.0
Odisha,SAMBALPUR,2012,Autumn     ,39000.0,79000.0
Odisha,SAMBALPUR,2012,Summer     ,345000.0,71000.0
Odisha,SAMBALPUR,2012,Winter     ,81000.0,266000.0
Odisha,SAMBALPUR,2013,Autumn     ,44000.0,50000.0
Odisha,SAMBALPUR,2013,Summer     ,22000.0,95000.0
Odisha,SAMBALPUR,2013,Winter     ,96000.0,178000.0
Odisha,SAMBALPUR,2014,Autumn     ,47000.0,67000.0
Odisha,SAMBALPUR,2014,Summer     ,24000.0,91000.0
Odisha,SAMBALPUR,2014,Winter     ,103000.0,265000.0
Odisha,SAMBALPUR,2015,Autumn     ,49000.0,28000.0
Odisha,SAMBALPUR,2015,Summer     ,8000.0,29000.0
Odisha,SAMBALPUR,2015,Winter     ,91000.0,98000.0
Odisha,SONEPUR,2010,Autumn     ,14000.0,12000.0
Odisha,SONEPUR,2010,Summer     ,27000.0,91000.0
Odisha,SONEPUR,2010,Winter     ,87000.0,205000.0
Odisha,SONEPUR,2011,Autumn     ,16000.0,7000.0
Odisha,SONEPUR,2011,Summer     ,31000.0,134000.0
Odisha,SONEPUR,2011,Winter     ,85000.0,145000.0
Odisha,SONEPUR,2012,Autumn     ,14000.0,36000.0
Odisha,SONEPUR,2012,Summer     ,448000.0,113000.0
Odisha,SONEPUR,2012,Winter     ,88000.0,412000.0
Odisha,SONEPUR,2013,Autumn     ,15000.0,24000.0
Odisha,SONEPUR,2013,Summer     ,28000.0,110000.0
Odisha,SONEPUR,2013,Winter     ,94000.0,286000.0
Odisha,SONEPUR,2014,Autumn     ,17000.0,36000.0
Odisha,SONEPUR,2014,Summer     ,27000.0,106000.0
Odisha,SONEPUR,2014,Winter     ,84000.0,290000.0
Odisha,SONEPUR,2015,Autumn     ,17000.0,9000.0
Odisha,SONEPUR,2015,Summer     ,29000.0,113000.0
Odisha,SONEPUR,2015,Winter     ,86000.0,209000.0
Odisha,SUNDARGARH,2010,Autumn     ,93000.0,30000.0
Odisha,SUNDARGARH,2010,Summer     ,1000.0,
Odisha,SUNDARGARH,2010,Winter     ,118000.0,108000.0
Odisha,SUNDARGARH,2011,Autumn     ,78000.0,92000.0
Odisha,SUNDARGARH,2011,Summer     ,2000.0,3000.0
Odisha,SUNDARGARH,2011,Winter     ,113000.0,246000.0
Odisha,SUNDARGARH,2012,Autumn     ,84000.0,156000.0
Odisha,SUNDARGARH,2012,Summer     ,472000.0,2000.0
Odisha,SUNDARGARH,2012,Winter     ,119000.0,316000.0
Odisha,SUNDARGARH,2013,Autumn     ,86000.0,131000.0
Odisha,SUNDARGARH,2013,Summer     ,2000.0,5000.0
Odisha,SUNDARGARH,2013,Winter     ,123000.0,276000.0
Odisha,SUNDARGARH,2014,Autumn     ,77000.0,150000.0
Odisha,SUNDARGARH,2014,Summer     ,1000.0,2000.0
Odisha,SUNDARGARH,2014,Winter     ,118000.0,345000.0
Odisha,SUNDARGARH,2015,Autumn     ,80000.0,71000.0
Odisha,SUNDARGARH,2015,Summer     ,1000.0,1000.0
Odisha,SUNDARGARH,2015,Winter     ,114000.0,156000.0
Puducherry,KARAIKAL,2010,Kharif     ,573.0,1529.0
Puducherry,KARAIKAL,2010,Rabi       ,5515.0,13087.0
Puducherry,KARAIKAL,2010,Summer     ,35.0,94.0
Puducherry,KARAIKAL,2011,Kharif     ,644.0,1847.0
Puducherry,KARAIKAL,2011,Rabi       ,5432.0,13258.0
Puducherry,KARAIKAL,2011,Summer     ,13.0,27.0
Puducherry,KARAIKAL,2012,Kharif     ,434.0,1216.0
Puducherry,KARAIKAL,2012,Rabi       ,4491.0,8466.0
Puducherry,KARAIKAL,2012,Summer     ,1.0,2.0
Puducherry,KARAIKAL,2013,Kharif     ,378.0,726.0
Puducherry,KARAIKAL,2013,Rabi       ,3975.0,10176.0
Puducherry,KARAIKAL,2013,Summer     ,8.0,27.0
Puducherry,KARAIKAL,2014,Kharif     ,460.0,1006.0
Puducherry,KARAIKAL,2014,Rabi       ,4305.0,9820.0
Puducherry,PONDICHERRY,2010,Kharif     ,3488.0,10297.0
Puducherry,PONDICHERRY,2010,Rabi       ,5145.0,12034.0
Puducherry,PONDICHERRY,2010,Summer     ,4675.0,12679.0
Puducherry,PONDICHERRY,2011,Kharif     ,3264.0,9881.0
Puducherry,PONDICHERRY,2011,Rabi       ,4722.0,9532.0
Puducherry,PONDICHERRY,2011,Summer     ,2002.0,5804.0
Puducherry,PONDICHERRY,2012,Kharif     ,2818.0,9477.0
Puducherry,PONDICHERRY,2012,Rabi       ,4322.0,14155.0
Puducherry,PONDICHERRY,2012,Summer     ,3742.0,11507.0
Puducherry,PONDICHERRY,2013,Kharif     ,2954.0,10478.0
Puducherry,PONDICHERRY,2013,Rabi       ,4223.0,13535.0
Puducherry,PONDICHERRY,2013,Summer     ,3761.0,12938.0
Puducherry,PONDICHERRY,2014,Kharif     ,2942.0,10041.0
Puducherry,PONDICHERRY,2014,Rabi       ,4483.0,15516.0
Puducherry,PONDICHERRY,2014,Summer     ,4005.0,14518.0
Puducherry,YANAM,2010,Kharif     ,323.0,776.0
Puducherry,YANAM,2010,Rabi       ,260.0,1464.0
Puducherry,YANAM,2011,Kharif     ,329.0,1066.0
Puducherry,YANAM,2011,Rabi       ,170.0,699.0
Puducherry,YANAM,2012,Kharif     ,307.0,944.0
Puducherry,YANAM,2012,Rabi       ,166.0,752.0
Puducherry,YANAM,2013,Kharif     ,339.0,887.0
Puducherry,YANAM,2013,Rabi       ,184.0,1025.0
Puducherry,YANAM,2014,Kharif     ,241.0,774.0
Puducherry,YANAM,2014,Rabi       ,218.0,1042.0
Punjab,AMRITSAR,2010,Kharif     ,186000.0,503000.0
Punjab,AMRITSAR,2011,Kharif     ,184000.0,482000.0
Punjab,AMRITSAR,2012,Kharif     ,185000.0,544000.0
Punjab,AMRITSAR,2013,Kharif     ,182000.0,518000.0
Punjab,AMRITSAR,2014,Kharif     ,182000.0,505000.0
Punjab,BARNALA,2010,Kharif     ,105000.0,465000.0
Punjab,BARNALA,2011,Kharif     ,105000.0,459000.0
Punjab,BARNALA,2012,Kharif     ,106000.0,490000.0
Punjab,BARNALA,2013,Kharif     ,107000.0,500000.0
Punjab,BARNALA,2014,Kharif     ,108000.0,507000.0
Punjab,BATHINDA,2010,Kharif     ,107000.0,437000.0
Punjab,BATHINDA,2011,Kharif     ,101000.0,409000.0
Punjab,BATHINDA,2012,Kharif     ,107000.0,458000.0
Punjab,BATHINDA,2013,Kharif     ,111000.0,501000.0
Punjab,BATHINDA,2014,Kharif     ,119000.0,529000.0
Punjab,FARIDKOT,2010,Kharif     ,101000.0,409000.0
Punjab,FARIDKOT,2011,Kharif     ,101000.0,405000.0
Punjab,FARIDKOT,2012,Kharif     ,102000.0,444000.0
Punjab,FARIDKOT,2013,Kharif     ,104000.0,443000.0
Punjab,FARIDKOT,2014,Kharif     ,106000.0,421000.0
Punjab,FATEHGARH SAHIB,2010,Kharif     ,87000.0,366000.0
Punjab,FATEHGARH SAHIB,2011,Kharif     ,86000.0,364000.0
Punjab,FATEHGARH SAHIB,2012,Kharif     ,86000.0,384000.0
Punjab,FATEHGARH SAHIB,2013,Kharif     ,86000.0,351000.0
Punjab,FATEHGARH SAHIB,2014,Kharif     ,86000.0,374000.0
Punjab,FAZILKA,2012,Kharif     ,85000.0,291000.0
Punjab,FAZILKA,2013,Kharif     ,92000.0,293000.0
Punjab,FAZILKA,2014,Kharif     ,97000.0,297000.0
Punjab,FIROZEPUR,2010,Kharif     ,258000.0,954000.0
Punjab,FIROZEPUR,2011,Kharif     ,257000.0,889000.0
Punjab,FIROZEPUR,2012,Kharif     ,182000.0,766000.0
Punjab,FIROZEPUR,2013,Kharif     ,183000.0,766000.0
Punjab,FIROZEPUR,2014,Kharif     ,189000.0,733000.0
Punjab,GURDASPUR,2010,Kharif     ,204000.0,705000.0
Punjab,GURDASPUR,2011,Kharif     ,201000.0,649000.0
Punjab,GURDASPUR,2012,Kharif     ,174000.0,542000.0
Punjab,GURDASPUR,2013,Kharif     ,173000.0,507000.0
Punjab,GURDASPUR,2014,Kharif     ,173000.0,452000.0
Punjab,HOSHIARPUR,2010,Kharif     ,73000.0,261000.0
Punjab,HOSHIARPUR,2011,Kharif     ,74000.0,269000.0
Punjab,HOSHIARPUR,2012,Kharif     ,70000.0,252000.0
Punjab,HOSHIARPUR,2013,Kharif     ,70000.0,252000.0
Punjab,HOSHIARPUR,2014,Kharif     ,71000.0,244000.0
Punjab,JALANDHAR,2010,Kharif     ,163000.0,588000.0
Punjab,JALANDHAR,2011,Kharif     ,165000.0,583000.0
Punjab,JALANDHAR,2012,Kharif     ,165000.0,625000.0
Punjab,JALANDHAR,2013,Kharif     ,167000.0,596000.0
Punjab,JALANDHAR,2014,Kharif     ,167000.0,616000.0
Punjab,KAPURTHALA,2010,Kharif     ,118000.0,460000.0
Punjab,KAPURTHALA,2011,Kharif     ,118000.0,433000.0
Punjab,KAPURTHALA,2012,Kharif     ,117000.0,445000.0
Punjab,KAPURTHALA,2013,Kharif     ,117000.0,451000.0
Punjab,KAPURTHALA,2014,Kharif     ,117000.0,439000.0
Punjab,LUDHIANA,2010,Kharif     ,257000.0,1133000.0
Punjab,LUDHIANA,2011,Kharif     ,257000.0,1094000.0
Punjab,LUDHIANA,2012,Kharif     ,257000.0,1169000.0
Punjab,LUDHIANA,2013,Kharif     ,257000.0,1137000.0
Punjab,LUDHIANA,2014,Kharif     ,257000.0,1119000.0
Punjab,MANSA,2010,Kharif     ,78000.0,316000.0
Punjab,MANSA,2011,Kharif     ,74000.0,292000.0
Punjab,MANSA,2012,Kharif     ,78000.0,321000.0
Punjab,MANSA,2013,Kharif     ,81000.0,334000.0
Punjab,MANSA,2014,Kharif     ,82000.0,296000.0
Punjab,MOGA,2010,Kharif     ,172000.0,745000.0
Punjab,MOGA,2011,Kharif     ,174000.0,759000.0
Punjab,MOGA,2012,Kharif     ,176000.0,794000.0
Punjab,MOGA,2013,Kharif     ,176000.0,815000.0
Punjab,MOGA,2014,Kharif     ,177000.0,815000.0
Punjab,MUKTSAR,2010,Kharif     ,111000.0,432000.0
Punjab,MUKTSAR,2011,Kharif     ,113000.0,402000.0
Punjab,MUKTSAR,2012,Kharif     ,118000.0,471000.0
Punjab,MUKTSAR,2013,Kharif     ,115000.0,457000.0
Punjab,MUKTSAR,2014,Kharif     ,135000.0,514000.0
Punjab,NAWANSHAHR,2010,Kharif     ,58000.0,231000.0
Punjab,NAWANSHAHR,2011,Kharif     ,57000.0,226000.0
Punjab,NAWANSHAHR,2012,Kharif     ,57000.0,236000.0
Punjab,NAWANSHAHR,2013,Kharif     ,56000.0,202000.0
Punjab,NAWANSHAHR,2014,Kharif     ,57000.0,226000.0
Punjab,PATHANKOT,2012,Kharif     ,27000.0,76000.0
Punjab,PATHANKOT,2013,Kharif     ,29000.0,78000.0
Punjab,PATHANKOT,2014,Kharif     ,29000.0,72000.0
Punjab,PATIALA,2010,Kharif     ,234000.0,873000.0
Punjab,PATIALA,2011,Kharif     ,234000.0,903000.0
Punjab,PATIALA,2012,Kharif     ,233000.0,922000.0
Punjab,PATIALA,2013,Kharif     ,231000.0,959000.0
Punjab,PATIALA,2014,Kharif     ,230000.0,904000.0
Punjab,RUPNAGAR,2010,Kharif     ,38000.0,147000.0
Punjab,RUPNAGAR,2011,Kharif     ,38000.0,127000.0
Punjab,RUPNAGAR,2012,Kharif     ,38000.0,145000.0
Punjab,RUPNAGAR,2013,Kharif     ,37000.0,128000.0
Punjab,RUPNAGAR,2014,Kharif     ,36000.0,129000.0
Punjab,S.A.S NAGAR,2010,Kharif     ,37000.0,127000.0
Punjab,S.A.S NAGAR,2011,Kharif     ,32000.0,119000.0
Punjab,S.A.S NAGAR,2012,Kharif     ,31000.0,117000.0
Punjab,S.A.S NAGAR,2013,Kharif     ,27000.0,95000.0
Punjab,S.A.S NAGAR,2014,Kharif     ,29000.0,94000.0
Punjab,SANGRUR,2010,Kharif     ,272000.0,1185000.0
Punjab,SANGRUR,2011,Kharif     ,274000.0,1188000.0
Punjab,SANGRUR,2012,Kharif     ,276000.0,1299000.0
Punjab,SANGRUR,2013,Kharif     ,273000.0,1290000.0
Punjab,SANGRUR,2014,Kharif     ,271000.0,1281000.0
Punjab,TARN TARAN,2010,Kharif     ,172000.0,500000.0
Punjab,TARN TARAN,2011,Kharif     ,173000.0,490000.0
Punjab,TARN TARAN,2012,Kharif     ,179000.0,599000.0
Punjab,TARN TARAN,2013,Kharif     ,177000.0,594000.0
Punjab,TARN TARAN,2014,Kharif     ,176000.0,540000.0
Rajasthan,AJMER,2010,Kharif     ,9.0,18.0
Rajasthan,ALWAR,2010,Kharif     ,378.0,766.0
Rajasthan,BANSWARA,2010,Kharif     ,27027.0,17610.0
Rajasthan,BARAN,2010,Kharif     ,8231.0,23800.0
Rajasthan,BHARATPUR,2010,Kharif     ,1536.0,3095.0
Rajasthan,BHILWARA,2010,Kharif     ,392.0,794.0
Rajasthan,BIKANER,2010,Kharif     ,37.0,75.0
Rajasthan,BUNDI,2010,Kharif     ,22898.0,42971.0
Rajasthan,CHITTORGARH,2010,Kharif     ,836.0,1693.0
Rajasthan,DHOLPUR,2010,Kharif     ,679.0,1375.0
Rajasthan,DUNGARPUR,2010,Kharif     ,13727.0,9058.0
Rajasthan,GANGANAGAR,2010,Kharif     ,8026.0,20046.0
Rajasthan,HANUMANGARH,2010,Kharif     ,22311.0,88450.0
Rajasthan,JHALAWAR,2010,Kharif     ,2294.0,5858.0
Rajasthan,KARAULI,2010,Kharif     ,1832.0,2241.0
Rajasthan,KOTA,2010,Kharif     ,13974.0,38259.0
Rajasthan,PRATAPGARH,2010,Kharif     ,1324.0,2681.0
Rajasthan,RAJSAMAND,2010,Kharif     ,86.0,174.0
Rajasthan,SAWAI MADHOPUR,2010,Kharif     ,646.0,1308.0
Rajasthan,TONK,2010,Kharif     ,2.0,4.0
Rajasthan,UDAIPUR,2010,Kharif     ,4881.0,5269.0
Sikkim,EAST DISTRICT,2010,Kharif     ,4950.0,8672.0
Sikkim,EAST DISTRICT,2011,Kharif     ,4940.0,8670.0
Sikkim,EAST DISTRICT,2012,Kharif     ,4910.0,8770.0
Sikkim,EAST DISTRICT,2013,Kharif     ,4910.0,8840.0
Sikkim,EAST DISTRICT,2014,Kharif     ,4870.0,8790.0
Sikkim,EAST DISTRICT,2015,Kharif     ,4813.0,8751.0
Sikkim,NORTH DISTRICT,2010,Kharif     ,1000.0,1140.0
Sikkim,NORTH DISTRICT,2011,Kharif     ,970.0,1100.0
Sikkim,NORTH DISTRICT,2012,Kharif     ,980.0,1320.0
Sikkim,NORTH DISTRICT,2013,Kharif     ,988.0,1410.0
Sikkim,NORTH DISTRICT,2014,Kharif     ,990.0,1420.0
Sikkim,NORTH DISTRICT,2015,Kharif     ,920.0,1347.0
Sikkim,SOUTH DISTRICT,2010,Kharif     ,2220.0,3948.0
Sikkim,SOUTH DISTRICT,2011,Kharif     ,2210.0,3930.0
Sikkim,SOUTH DISTRICT,2012,Kharif     ,2420.0,4480.0
Sikkim,SOUTH DISTRICT,2013,Kharif     ,2100.0,4010.0
Sikkim,SOUTH DISTRICT,2014,Kharif     ,2050.0,3910.0
Sikkim,SOUTH DISTRICT,2015,Kharif     ,1920.0,3738.0
Sikkim,WEST DISTRICT,2010,Kharif     ,3970.0,7213.0
Sikkim,WEST DISTRICT,2011,Kharif     ,3950.0,7180.0
Sikkim,WEST DISTRICT,2012,Kharif     ,3610.0,6770.0
Sikkim,WEST DISTRICT,2013,Kharif     ,3160.0,6000.0
Sikkim,WEST DISTRICT,2014,Kharif     ,3130.0,5950.0
Sikkim,WEST DISTRICT,2015,Kharif     ,3016.0,5851.0
Tamil Nadu,ARIYALUR,2010,Kharif     ,25211.0,97869.0
Tamil Nadu,ARIYALUR,2011,Kharif     ,24097.0,97257.0
Tamil Nadu,ARIYALUR,2012,Kharif     ,17523.0,36392.0
Tamil Nadu,ARIYALUR,2013,Kharif     ,24437.0,131658.0
Tamil Nadu,COIMBATORE,2010,Kharif     ,2666.0,10419.0
Tamil Nadu,COIMBATORE,2011,Kharif     ,2629.0,10486.0
Tamil Nadu,COIMBATORE,2012,Kharif     ,2156.0,7890.0
Tamil Nadu,COIMBATORE,2013,Kharif     ,2158.0,10139.0
Tamil Nadu,CUDDALORE,2010,Kharif     ,115815.0,301506.0
Tamil Nadu,CUDDALORE,2011,Kharif     ,120983.0,248242.0
Tamil Nadu,CUDDALORE,2012,Kharif     ,111958.0,339286.0
Tamil Nadu,CUDDALORE,2013,Kharif     ,127485.0,565960.0
Tamil Nadu,DHARMAPURI,2010,Kharif     ,22862.0,93207.0
Tamil Nadu,DHARMAPURI,2011,Kharif     ,27067.0,128226.0
Tamil Nadu,DHARMAPURI,2012,Kharif     ,12003.0,53669.0
Tamil Nadu,DHARMAPURI,2013,Kharif     ,26689.0,132535.0
Tamil Nadu,DINDIGUL,2010,Kharif     ,18349.0,98053.0
Tamil Nadu,DINDIGUL,2011,Kharif     ,19158.0,103376.0
Tamil Nadu,DINDIGUL,2012,Kharif     ,9476.0,30806.0
Tamil Nadu,DINDIGUL,2013,Kharif     ,4234.0,25758.0
Tamil Nadu,ERODE,2010,Kharif     ,36659.0,154538.0
Tamil Nadu,ERODE,2011,Kharif     ,33719.0,144357.0
Tamil Nadu,ERODE,2012,Kharif     ,6603.0,29125.0
Tamil Nadu,ERODE,2013,Kharif     ,30889.0,163021.0
Tamil Nadu,KANCHIPURAM,2010,Kharif     ,95739.0,378628.0
Tamil Nadu,KANCHIPURAM,2011,Kharif     ,90419.0,395412.0
Tamil Nadu,KANCHIPURAM,2012,Kharif     ,77784.0,344875.0
Tamil Nadu,KANCHIPURAM,2013,Kharif     ,85564.0,391837.0
Tamil Nadu,KANNIYAKUMARI,2010,Kharif     ,16989.0,80387.0
Tamil Nadu,KANNIYAKUMARI,2011,Kharif     ,16617.0,90110.0
Tamil Nadu,KANNIYAKUMARI,2012,Kharif     ,12412.0,57882.0
Tamil Nadu,KANNIYAKUMARI,2013,Kharif     ,13619.0,66703.0
Tamil Nadu,KARUR,2010,Kharif     ,14808.0,56991.0
Tamil Nadu,KARUR,2011,Kharif     ,17090.0,65737.0
Tamil Nadu,KARUR,2012,Kharif     ,10907.0,44073.0
Tamil Nadu,KARUR,2013,Kharif     ,12565.0,69898.0
Tamil Nadu,KRISHNAGIRI,2010,Kharif     ,16337.0,70126.0
Tamil Nadu,KRISHNAGIRI,2011,Kharif     ,20111.0,91443.0
Tamil Nadu,KRISHNAGIRI,2012,Kharif     ,17753.0,72186.0
Tamil Nadu,KRISHNAGIRI,2013,Kharif     ,29704.0,143404.0
Tamil Nadu,MADURAI,2010,Kharif     ,61064.0,260055.0
Tamil Nadu,MADURAI,2011,Kharif     ,65635.0,304235.0
Tamil Nadu,MADURAI,2012,Kharif     ,18024.0,65000.0
Tamil Nadu,MADURAI,2013,Kharif     ,35268.0,163965.0
Tamil Nadu,NAGAPATTINAM,2010,Kharif     ,156049.0,321506.0
Tamil Nadu,NAGAPATTINAM,2011,Kharif     ,170042.0,577026.0
Tamil Nadu,NAGAPATTINAM,2012,Kharif     ,142210.0,201553.0
Tamil Nadu,NAGAPATTINAM,2013,Kharif     ,154750.0,605329.0
Tamil Nadu,NAMAKKAL,2010,Kharif     ,14058.0,53956.0
Tamil Nadu,NAMAKKAL,2011,Kharif     ,8129.0,35747.0
Tamil Nadu,NAMAKKAL,2012,Kharif     ,5545.0,20254.0
Tamil Nadu,NAMAKKAL,2013,Kharif     ,9180.0,50983.0
Tamil Nadu,PERAMBALUR,2010,Kharif     ,14245.0,54714.0
Tamil Nadu,PERAMBALUR,2011,Kharif     ,13099.0,58475.0
Tamil Nadu,PERAMBALUR,2012,Kharif     ,7299.0,20892.0
Tamil Nadu,PERAMBALUR,2013,Kharif     ,7175.0,36163.0
Tamil Nadu,PUDUKKOTTAI,2010,Kharif     ,92901.0,208874.0
Tamil Nadu,PUDUKKOTTAI,2011,Kharif     ,92590.0,334264.0
Tamil Nadu,PUDUKKOTTAI,2012,Kharif     ,83585.0,240394.0
Tamil Nadu,PUDUKKOTTAI,2013,Kharif     ,72652.0,119895.0
Tamil Nadu,RAMANATHAPURAM,2010,Kharif     ,131397.0,253999.0
Tamil Nadu,RAMANATHAPURAM,2011,Kharif     ,128960.0,438236.0
Tamil Nadu,RAMANATHAPURAM,2012,Kharif     ,116505.0,68559.0
Tamil Nadu,RAMANATHAPURAM,2013,Kharif     ,114981.0,33928.0
Tamil Nadu,SALEM,2010,Kharif     ,33296.0,147778.0
Tamil Nadu,SALEM,2011,Kharif     ,27745.0,125327.0
Tamil Nadu,SALEM,2012,Kharif     ,12929.0,52953.0
Tamil Nadu,SALEM,2013,Kharif     ,20148.0,97052.0
Tamil Nadu,SIVAGANGA,2010,Kharif     ,83927.0,188417.0
Tamil Nadu,SIVAGANGA,2011,Kharif     ,83781.0,310176.0
Tamil Nadu,SIVAGANGA,2012,Kharif     ,70632.0,130306.0
Tamil Nadu,SIVAGANGA,2013,Kharif     ,65447.0,46084.0
Tamil Nadu,THANJAVUR,2010,Kharif     ,166209.0,476793.0
Tamil Nadu,THANJAVUR,2011,Kharif     ,180859.0,722576.0
Tamil Nadu,THANJAVUR,2012,Kharif     ,146959.0,431121.0
Tamil Nadu,THANJAVUR,2013,Kharif     ,167289.0,831483.0
Tamil Nadu,THE NILGIRIS,2010,Kharif     ,392.0,1400.0
Tamil Nadu,THE NILGIRIS,2011,Kharif     ,399.0,1646.0
Tamil Nadu,THE NILGIRIS,2012,Kharif     ,289.0,1148.0
Tamil Nadu,THE NILGIRIS,2013,Kharif     ,328.0,1420.0
Tamil Nadu,THENI,2010,Kharif     ,15355.0,74010.0
Tamil Nadu,THENI,2011,Kharif     ,14735.0,79132.0
Tamil Nadu,THENI,2012,Kharif     ,10321.0,47635.0
Tamil Nadu,THENI,2013,Kharif     ,12499.0,50813.0
Tamil Nadu,THIRUVALLUR,2010,Kharif     ,83219.0,250210.0
Tamil Nadu,THIRUVALLUR,2011,Kharif     ,79219.0,313044.0
Tamil Nadu,THIRUVALLUR,2012,Kharif     ,78337.0,300455.0
Tamil Nadu,THIRUVALLUR,2013,Kharif     ,95827.0,451522.0
Tamil Nadu,THIRUVARUR,2010,Kharif     ,160237.0,285589.0
Tamil Nadu,THIRUVARUR,2011,Kharif     ,186307.0,789997.0
Tamil Nadu,THIRUVARUR,2012,Kharif     ,158904.0,192843.0
Tamil Nadu,THIRUVARUR,2013,Kharif     ,174366.0,820538.0
Tamil Nadu,TIRUCHIRAPPALLI,2010,Kharif     ,67165.0,268136.0
Tamil Nadu,TIRUCHIRAPPALLI,2011,Kharif     ,63939.0,302478.0
Tamil Nadu,TIRUCHIRAPPALLI,2012,Kharif     ,45237.0,138079.0
Tamil Nadu,TIRUCHIRAPPALLI,2013,Kharif     ,48050.0,226632.0
Tamil Nadu,TIRUNELVELI,2010,Kharif     ,79764.0,351822.0
Tamil Nadu,TIRUNELVELI,2011,Kharif     ,86725.0,459399.0
Tamil Nadu,TIRUNELVELI,2012,Kharif     ,45401.0,182667.0
Tamil Nadu,TIRUNELVELI,2013,Kharif     ,62281.0,362994.0
Tamil Nadu,TIRUPPUR,2010,Kharif     ,11797.0,46945.0
Tamil Nadu,TIRUPPUR,2011,Kharif     ,10612.0,48936.0
Tamil Nadu,TIRUPPUR,2012,Kharif     ,245.0,604.0
Tamil Nadu,TIRUPPUR,2013,Kharif     ,7511.0,43377.0
Tamil Nadu,TIRUVANNAMALAI,2010,Kharif     ,125490.0,357692.0
Tamil Nadu,TIRUVANNAMALAI,2011,Kharif     ,103924.0,356196.0
Tamil Nadu,TIRUVANNAMALAI,2012,Kharif     ,91774.0,325511.0
Tamil Nadu,TIRUVANNAMALAI,2013,Kharif     ,82625.0,359403.0
Tamil Nadu,TUTICORIN,2010,Kharif     ,20007.0,89442.0
Tamil Nadu,TUTICORIN,2011,Kharif     ,17678.0,85771.0
Tamil Nadu,TUTICORIN,2012,Kharif     ,6234.0,24375.0
Tamil Nadu,TUTICORIN,2013,Kharif     ,11730.0,55451.0
Tamil Nadu,VELLORE,2010,Kharif     ,43222.0,152825.0
Tamil Nadu,VELLORE,2011,Kharif     ,37988.0,151266.0
Tamil Nadu,VELLORE,2012,Kharif     ,35707.0,152804.0
Tamil Nadu,VELLORE,2013,Kharif     ,39366.0,192496.0
Tamil Nadu,VILLUPURAM,2010,Kharif     ,149929.0,512013.0
Tamil Nadu,VILLUPURAM,2011,Kharif     ,129858.0,471615.0
Tamil Nadu,VILLUPURAM,2012,Kharif     ,115591.0,396530.0
Tamil Nadu,VILLUPURAM,2013,Kharif     ,170443.0,796608.0
Tamil Nadu,VIRUDHUNAGAR,2010,Kharif     ,30568.0,94515.0
Tamil Nadu,VIRUDHUNAGAR,2011,Kharif     ,29658.0,118469.0
Tamil Nadu,VIRUDHUNAGAR,2012,Kharif     ,22973.0,40467.0
Tamil Nadu,VIRUDHUNAGAR,2013,Kharif     ,16470.0,68146.0
Telangana ,ADILABAD,2010,Kharif     ,62903.0,175263.0
Telangana ,ADILABAD,2010,Rabi       ,27644.0,79891.0
Telangana ,ADILABAD,2011,Kharif     ,60681.0,151310.0
Telangana ,ADILABAD,2011,Rabi       ,15489.0,48016.0
Telangana ,ADILABAD,2013,Kharif     ,65502.0,175303.0
Telangana ,ADILABAD,2013,Rabi       ,25191.0,73608.0
Telangana ,ADILABAD,2014,Kharif     ,36084.0,81003.0
Telangana ,ADILABAD,2014,Rabi       ,13996.0,45123.0
Telangana ,KARIMNAGAR,2010,Kharif     ,159548.0,523465.0
Telangana ,KARIMNAGAR,2010,Rabi       ,221971.0,828396.0
Telangana ,KARIMNAGAR,2011,Kharif     ,185727.0,601858.0
Telangana ,KARIMNAGAR,2011,Rabi       ,157649.0,518192.0
Telangana ,KARIMNAGAR,2013,Kharif     ,209454.0,732042.0
Telangana ,KARIMNAGAR,2013,Rabi       ,208458.0,768793.0
Telangana ,KARIMNAGAR,2014,Kharif     ,179282.0,632136.0
Telangana ,KARIMNAGAR,2014,Rabi       ,99151.0,358827.0
Telangana ,KHAMMAM,2010,Kharif     ,167037.0,522924.0
Telangana ,KHAMMAM,2010,Rabi       ,51215.0,181147.0
Telangana ,KHAMMAM,2011,Kharif     ,150051.0,366113.0
Telangana ,KHAMMAM,2011,Rabi       ,15263.0,45575.0
Telangana ,KHAMMAM,2013,Kharif     ,148142.0,432575.0
Telangana ,KHAMMAM,2013,Rabi       ,43642.0,142709.0
Telangana ,KHAMMAM,2014,Kharif     ,110439.0,328435.0
Telangana ,KHAMMAM,2014,Rabi       ,35269.0,127744.0
Telangana ,MAHBUBNAGAR,2010,Kharif     ,130411.0,360230.0
Telangana ,MAHBUBNAGAR,2010,Rabi       ,66287.0,185537.0
Telangana ,MAHBUBNAGAR,2011,Kharif     ,120826.0,266609.0
Telangana ,MAHBUBNAGAR,2011,Rabi       ,51242.0,129950.0
Telangana ,MAHBUBNAGAR,2013,Kharif     ,103744.0,301561.0
Telangana ,MAHBUBNAGAR,2013,Rabi       ,64886.0,177139.0
Telangana ,MAHBUBNAGAR,2014,Kharif     ,111302.0,282357.0
Telangana ,MAHBUBNAGAR,2014,Rabi       ,49468.0,135740.0
Telangana ,MEDAK,2010,Kharif     ,81914.0,285893.0
Telangana ,MEDAK,2010,Rabi       ,62644.0,229026.0
Telangana ,MEDAK,2011,Kharif     ,90400.0,285575.0
Telangana ,MEDAK,2011,Rabi       ,46632.0,121383.0
Telangana ,MEDAK,2013,Kharif     ,108639.0,393985.0
Telangana ,MEDAK,2013,Rabi       ,62331.0,230500.0
Telangana ,MEDAK,2014,Kharif     ,73983.0,234342.0
Telangana ,MEDAK,2014,Rabi       ,36910.0,128742.0
Telangana ,NALGONDA,2010,Kharif     ,206149.0,642566.0
Telangana ,NALGONDA,2010,Rabi       ,199166.0,681148.0
Telangana ,NALGONDA,2011,Kharif     ,216547.0,634050.0
Telangana ,NALGONDA,2011,Rabi       ,111214.0,329750.0
Telangana ,NALGONDA,2013,Kharif     ,192185.0,546190.0
Telangana ,NALGONDA,2013,Rabi       ,201558.0,659095.0
Telangana ,NALGONDA,2014,Kharif     ,177458.0,549765.0
Telangana ,NALGONDA,2014,Rabi       ,145917.0,491594.0
Telangana ,NIZAMABAD,2010,Kharif     ,116729.0,427496.0
Telangana ,NIZAMABAD,2010,Rabi       ,104894.0,416744.0
Telangana ,NIZAMABAD,2011,Kharif     ,149497.0,584000.0
Telangana ,NIZAMABAD,2011,Rabi       ,110314.0,388195.0
Telangana ,NIZAMABAD,2013,Kharif     ,152303.0,622200.0
Telangana ,NIZAMABAD,2013,Rabi       ,108509.0,421992.0
Telangana ,NIZAMABAD,2014,Kharif     ,112427.0,404400.0
Telangana ,NIZAMABAD,2014,Rabi       ,56845.0,216125.0
Telangana ,RANGAREDDI,2010,Kharif     ,30985.0,78837.0
Telangana ,RANGAREDDI,2010,Rabi       ,21375.0,57264.0
Telangana ,RANGAREDDI,2011,Kharif     ,29334.0,67684.0
Telangana ,RANGAREDDI,2011,Rabi       ,14333.0,35417.0
Telangana ,RANGAREDDI,2013,Kharif     ,27054.0,62711.0
Telangana ,RANGAREDDI,2013,Rabi       ,17986.0,40163.0
Telangana ,RANGAREDDI,2014,Kharif     ,23817.0,60376.0
Telangana ,RANGAREDDI,2014,Rabi       ,11065.0,30838.0
Telangana ,WARANGAL,2010,Kharif     ,169278.0,519314.0
Telangana ,WARANGAL,2010,Rabi       ,98782.0,341094.0
Telangana ,WARANGAL,2011,Kharif     ,160729.0,404520.0
Telangana ,WARANGAL,2011,Rabi       ,63620.0,169420.0
Telangana ,WARANGAL,2013,Kharif     ,159311.0,501478.0
Telangana ,WARANGAL,2013,Rabi       ,95542.0,299046.0
Telangana ,WARANGAL,2014,Kharif     ,95515.0,282059.0
Telangana ,WARANGAL,2014,Rabi       ,46492.0,155376.0
Tripura,DHALAI,2010,Kharif     ,31885.0,72064.0
Tripura,DHALAI,2011,Kharif     ,31851.0,76842.0
Tripura,DHALAI,2012,Kharif     ,32402.0,78152.0
Tripura,DHALAI,2013,Kharif     ,32839.0,81231.0
Tripura,DHALAI,2014,Kharif     ,32274.0,82856.0
Tripura,GOMATI,2012,Kharif     ,37021.0,107326.0
Tripura,GOMATI,2013,Kharif     ,31355.0,90682.0
Tripura,GOMATI,2014,Kharif     ,35009.0,107500.0
Tripura,KHOWAI,2012,Kharif     ,23889.0,67277.0
Tripura,KHOWAI,2013,Kharif     ,24338.0,67649.0
Tripura,KHOWAI,2014,Kharif     ,23381.0,67131.0
Tripura,NORTH TRIPURA,2010,Kharif     ,47309.0,117645.0
Tripura,NORTH TRIPURA,2011,Kharif     ,48908.0,122777.0
Tripura,NORTH TRIPURA,2012,Kharif     ,29795.0,75063.0
Tripura,NORTH TRIPURA,2013,Kharif     ,32584.0,78887.0
Tripura,NORTH TRIPURA,2014,Kharif     ,32623.0,83278.0
Tripura,SEPAHIJALA,2012,Kharif     ,48356.0,147453.0
Tripura,SEPAHIJALA,2013,Kharif     ,49364.0,149425.0
Tripura,SEPAHIJALA,2014,Kharif     ,47973.0,150378.0
Tripura,SOUTH TRIPURA,2010,Kharif     ,82951.0,230326.0
Tripura,SOUTH TRIPURA,2011,Kharif     ,84209.0,236107.0
Tripura,SOUTH TRIPURA,2012,Kharif     ,41350.0,118814.0
Tripura,SOUTH TRIPURA,2013,Kharif     ,42246.0,127322.0
Tripura,SOUTH TRIPURA,2014,Kharif     ,42639.0,128021.0
Tripura,UNAKOTI,2012,Kharif     ,17201.0,48146.0
Tripura,UNAKOTI,2013,Kharif     ,17245.0,47041.0
Tripura,UNAKOTI,2014,Kharif     ,17674.0,51830.0
Tripura,WEST TRIPURA,2010,Kharif     ,102413.0,282438.0
Tripura,WEST TRIPURA,2011,Kharif     ,101031.0,282578.0
Tripura,WEST TRIPURA,2012,Kharif     ,24729.0,70991.0
Tripura,WEST TRIPURA,2013,Kharif     ,24283.0,69594.0
Tripura,WEST TRIPURA,2014,Kharif     ,25700.0,75960.0
Uttar Pradesh,AGRA,2010,Kharif     ,4342.0,9413.0
Uttar Pradesh,AGRA,2011,Kharif     ,6724.0,16803.0
Uttar Pradesh,AGRA,2011,Summer     ,30.0,75.0
Uttar Pradesh,AGRA,2012,Kharif     ,3556.0,8975.0
Uttar Pradesh,AGRA,2012,Summer     ,37.0,94.0
Uttar Pradesh,AGRA,2013,Kharif     ,8691.0,22475.0
Uttar Pradesh,AGRA,2014,Kharif     ,10164.0,24231.0
Uttar Pradesh,ALIGARH,2010,Kharif     ,64485.0,131614.0
Uttar Pradesh,ALIGARH,2011,Kharif     ,70307.0,154394.0
Uttar Pradesh,ALIGARH,2012,Kharif     ,85311.0,209609.0
Uttar Pradesh,ALIGARH,2013,Kharif     ,87525.0,196144.0
Uttar Pradesh,ALIGARH,2014,Kharif     ,90420.0,201998.0
Uttar Pradesh,ALLAHABAD,2010,Kharif     ,141316.0,328560.0
Uttar Pradesh,ALLAHABAD,2011,Kharif     ,155232.0,397083.0
Uttar Pradesh,ALLAHABAD,2012,Kharif     ,148937.0,427300.0
Uttar Pradesh,ALLAHABAD,2013,Kharif     ,159525.0,420986.0
Uttar Pradesh,ALLAHABAD,2014,Kharif     ,149419.0,313780.0
Uttar Pradesh,AMBEDKAR NAGAR,2010,Kharif     ,113002.0,298099.0
Uttar Pradesh,AMBEDKAR NAGAR,2011,Kharif     ,116323.0,313374.0
Uttar Pradesh,AMBEDKAR NAGAR,2012,Kharif     ,115800.0,319492.0
Uttar Pradesh,AMBEDKAR NAGAR,2013,Kharif     ,115279.0,314251.0
Uttar Pradesh,AMBEDKAR NAGAR,2014,Kharif     ,118607.0,290706.0
Uttar Pradesh,AMETHI,2010,Kharif     ,113314.0,236940.0
Uttar Pradesh,AMETHI,2011,Kharif     ,122203.0,272146.0
Uttar Pradesh,AMETHI,2012,Kharif     ,118227.0,308454.0
Uttar Pradesh,AMETHI,2013,Kharif     ,123251.0,280396.0
Uttar Pradesh,AMETHI,2014,Kharif     ,97395.0,147846.0
Uttar Pradesh,AMROHA,2010,Kharif     ,24355.0,47127.0
Uttar Pradesh,AMROHA,2011,Kharif     ,28429.0,57370.0
Uttar Pradesh,AMROHA,2012,Kharif     ,22530.0,40914.0
Uttar Pradesh,AMROHA,2013,Kharif     ,28126.0,59177.0
Uttar Pradesh,AMROHA,2013,Summer     ,2.0,4.0
Uttar Pradesh,AMROHA,2014,Kharif     ,23134.0,61606.0
Uttar Pradesh,AMROHA,2014,Summer     ,13.0,34.0
Uttar Pradesh,AURAIYA,2010,Kharif     ,37124.0,99641.0
Uttar Pradesh,AURAIYA,2011,Kharif     ,50179.0,145519.0
Uttar Pradesh,AURAIYA,2012,Kharif     ,52566.0,164321.0
Uttar Pradesh,AURAIYA,2013,Kharif     ,53582.0,176070.0
Uttar Pradesh,AURAIYA,2014,Kharif     ,55752.0,175898.0
Uttar Pradesh,AZAMGARH,2010,Kharif     ,203577.0,417536.0
Uttar Pradesh,AZAMGARH,2010,Summer     ,1.0,2.0
Uttar Pradesh,AZAMGARH,2011,Kharif     ,210944.0,469350.0
Uttar Pradesh,AZAMGARH,2011,Summer     ,1.0,2.0
Uttar Pradesh,AZAMGARH,2012,Kharif     ,210961.0,453777.0
Uttar Pradesh,AZAMGARH,2012,Summer     ,1.0,2.0
Uttar Pradesh,AZAMGARH,2013,Kharif     ,217062.0,477971.0
Uttar Pradesh,AZAMGARH,2014,Kharif     ,202341.0,400028.0
Uttar Pradesh,BAGHPAT,2010,Kharif     ,4575.0,10756.0
Uttar Pradesh,BAGHPAT,2011,Kharif     ,5108.0,14292.0
Uttar Pradesh,BAGHPAT,2012,Kharif     ,5088.0,15483.0
Uttar Pradesh,BAGHPAT,2013,Kharif     ,7931.0,24126.0
Uttar Pradesh,BAGHPAT,2014,Kharif     ,5792.0,14515.0
Uttar Pradesh,BAHRAICH,2010,Kharif     ,159111.0,329519.0
Uttar Pradesh,BAHRAICH,2011,Kharif     ,159686.0,352427.0
Uttar Pradesh,BAHRAICH,2012,Kharif     ,159182.0,380445.0
Uttar Pradesh,BAHRAICH,2013,Kharif     ,159025.0,375935.0
Uttar Pradesh,BAHRAICH,2014,Kharif     ,165249.0,367679.0
Uttar Pradesh,BALLIA,2010,Kharif     ,108568.0,206931.0
Uttar Pradesh,BALLIA,2011,Kharif     ,117098.0,297663.0
Uttar Pradesh,BALLIA,2012,Kharif     ,112168.0,244302.0
Uttar Pradesh,BALLIA,2013,Kharif     ,118000.0,261960.0
Uttar Pradesh,BALLIA,2014,Kharif     ,122464.0,251908.0
Uttar Pradesh,BALRAMPUR,2010,Kharif     ,105641.0,230192.0
Uttar Pradesh,BALRAMPUR,2011,Kharif     ,107106.0,235098.0
Uttar Pradesh,BALRAMPUR,2012,Kharif     ,106533.0,247370.0
Uttar Pradesh,BALRAMPUR,2013,Kharif     ,105387.0,232800.0
Uttar Pradesh,BALRAMPUR,2014,Kharif     ,108030.0,198235.0
Uttar Pradesh,BANDA,2010,Kharif     ,47536.0,54761.0
Uttar Pradesh,BANDA,2011,Kharif     ,55840.0,82587.0
Uttar Pradesh,BANDA,2012,Kharif     ,49833.0,87208.0
Uttar Pradesh,BANDA,2013,Kharif     ,56350.0,101881.0
Uttar Pradesh,BANDA,2014,Kharif     ,45895.0,81923.0
Uttar Pradesh,BARABANKI,2010,Kharif     ,176864.0,420936.0
Uttar Pradesh,BARABANKI,2011,Kharif     ,177698.0,486004.0
Uttar Pradesh,BARABANKI,2011,Summer     ,2.0,5.0
Uttar Pradesh,BARABANKI,2012,Kharif     ,183962.0,562372.0
Uttar Pradesh,BARABANKI,2013,Kharif     ,181235.0,517970.0
Uttar Pradesh,BARABANKI,2014,Kharif     ,191884.0,529600.0
Uttar Pradesh,BAREILLY,2010,Kharif     ,163015.0,270279.0
Uttar Pradesh,BAREILLY,2010,Summer     ,1035.0,1716.0
Uttar Pradesh,BAREILLY,2011,Kharif     ,166888.0,420558.0
Uttar Pradesh,BAREILLY,2011,Summer     ,634.0,1598.0
Uttar Pradesh,BAREILLY,2012,Kharif     ,145203.0,324384.0
Uttar Pradesh,BAREILLY,2012,Summer     ,783.0,1749.0
Uttar Pradesh,BAREILLY,2013,Kharif     ,162916.0,366561.0
Uttar Pradesh,BAREILLY,2013,Summer     ,1190.0,2677.0
Uttar Pradesh,BAREILLY,2014,Kharif     ,162390.0,334361.0
Uttar Pradesh,BAREILLY,2014,Summer     ,1558.0,3208.0
Uttar Pradesh,BASTI,2010,Kharif     ,102314.0,215473.0
Uttar Pradesh,BASTI,2011,Kharif     ,122176.0,316802.0
Uttar Pradesh,BASTI,2012,Kharif     ,107977.0,265084.0
Uttar Pradesh,BASTI,2013,Kharif     ,104860.0,263933.0
Uttar Pradesh,BASTI,2014,Kharif     ,104328.0,202814.0
Uttar Pradesh,BIJNOR,2010,Kharif     ,55816.0,131000.0
Uttar Pradesh,BIJNOR,2010,Summer     ,90.0,211.0
Uttar Pradesh,BIJNOR,2011,Kharif     ,53734.0,128800.0
Uttar Pradesh,BIJNOR,2011,Summer     ,70.0,168.0
Uttar Pradesh,BIJNOR,2012,Kharif     ,51390.0,129708.0
Uttar Pradesh,BIJNOR,2012,Summer     ,124.0,313.0
Uttar Pradesh,BIJNOR,2013,Kharif     ,52943.0,123304.0
Uttar Pradesh,BIJNOR,2013,Summer     ,52.0,121.0
Uttar Pradesh,BIJNOR,2014,Kharif     ,54742.0,143205.0
Uttar Pradesh,BIJNOR,2014,Summer     ,67.0,175.0
Uttar Pradesh,BUDAUN,2010,Kharif     ,84311.0,158167.0
Uttar Pradesh,BUDAUN,2010,Summer     ,1.0,2.0
Uttar Pradesh,BUDAUN,2011,Kharif     ,87728.0,187299.0
Uttar Pradesh,BUDAUN,2011,Summer     ,20.0,43.0
Uttar Pradesh,BUDAUN,2012,Kharif     ,83806.0,191329.0
Uttar Pradesh,BUDAUN,2012,Summer     ,20.0,46.0
Uttar Pradesh,BUDAUN,2013,Kharif     ,79975.0,176185.0
Uttar Pradesh,BUDAUN,2014,Kharif     ,81242.0,166790.0
Uttar Pradesh,BUDAUN,2014,Summer     ,33.0,68.0
Uttar Pradesh,BULANDSHAHR,2010,Kharif     ,74827.0,168885.0
Uttar Pradesh,BULANDSHAHR,2010,Summer     ,1.0,2.0
Uttar Pradesh,BULANDSHAHR,2011,Kharif     ,88300.0,209271.0
Uttar Pradesh,BULANDSHAHR,2012,Kharif     ,83783.0,216328.0
Uttar Pradesh,BULANDSHAHR,2012,Summer     ,1.0,3.0
Uttar Pradesh,BULANDSHAHR,2013,Kharif     ,95669.0,251801.0
Uttar Pradesh,BULANDSHAHR,2013,Summer     ,1.0,3.0
Uttar Pradesh,BULANDSHAHR,2014,Kharif     ,107595.0,275551.0
Uttar Pradesh,BULANDSHAHR,2014,Summer     ,1.0,3.0
Uttar Pradesh,CHANDAULI,2010,Kharif     ,98325.0,270984.0
Uttar Pradesh,CHANDAULI,2011,Kharif     ,111777.0,299451.0
Uttar Pradesh,CHANDAULI,2012,Kharif     ,108200.0,302203.0
Uttar Pradesh,CHANDAULI,2013,Kharif     ,112455.0,300817.0
Uttar Pradesh,CHANDAULI,2014,Kharif     ,102598.0,303793.0
Uttar Pradesh,CHITRAKOOT,2010,Kharif     ,7506.0,5892.0
Uttar Pradesh,CHITRAKOOT,2011,Kharif     ,7886.0,7949.0
Uttar Pradesh,CHITRAKOOT,2012,Kharif     ,8494.0,12741.0
Uttar Pradesh,CHITRAKOOT,2013,Kharif     ,10155.0,18208.0
Uttar Pradesh,CHITRAKOOT,2014,Kharif     ,12662.0,12763.0
Uttar Pradesh,DEORIA,2010,Kharif     ,128344.0,256303.0
Uttar Pradesh,DEORIA,2010,Summer     ,21.0,42.0
Uttar Pradesh,DEORIA,2011,Kharif     ,130611.0,287736.0
Uttar Pradesh,DEORIA,2011,Summer     ,22.0,48.0
Uttar Pradesh,DEORIA,2012,Kharif     ,132142.0,295337.0
Uttar Pradesh,DEORIA,2012,Summer     ,23.0,51.0
Uttar Pradesh,DEORIA,2013,Kharif     ,135616.0,333480.0
Uttar Pradesh,DEORIA,2013,Summer     ,14.0,34.0
Uttar Pradesh,DEORIA,2014,Kharif     ,132892.0,266980.0
Uttar Pradesh,DEORIA,2014,Summer     ,14.0,28.0
Uttar Pradesh,ETAH,2010,Kharif     ,21823.0,45872.0
Uttar Pradesh,ETAH,2011,Kharif     ,27072.0,69358.0
Uttar Pradesh,ETAH,2012,Kharif     ,18727.0,49608.0
Uttar Pradesh,ETAH,2013,Kharif     ,19297.0,45001.0
Uttar Pradesh,ETAH,2014,Kharif     ,18244.0,40283.0
Uttar Pradesh,ETAWAH,2010,Kharif     ,43727.0,108224.0
Uttar Pradesh,ETAWAH,2011,Kharif     ,50571.0,136997.0
Uttar Pradesh,ETAWAH,2012,Kharif     ,49251.0,145734.0
Uttar Pradesh,ETAWAH,2013,Kharif     ,58263.0,169604.0
Uttar Pradesh,ETAWAH,2014,Kharif     ,52797.0,136533.0
Uttar Pradesh,FAIZABAD,2010,Kharif     ,97099.0,214200.0
Uttar Pradesh,FAIZABAD,2011,Kharif     ,99295.0,236719.0
Uttar Pradesh,FAIZABAD,2012,Kharif     ,99791.0,253569.0
Uttar Pradesh,FAIZABAD,2013,Kharif     ,103896.0,272519.0
Uttar Pradesh,FAIZABAD,2014,Kharif     ,94586.0,207805.0
Uttar Pradesh,FARRUKHABAD,2010,Kharif     ,14963.0,24075.0
Uttar Pradesh,FARRUKHABAD,2011,Kharif     ,14915.0,33469.0
Uttar Pradesh,FARRUKHABAD,2012,Kharif     ,15283.0,42471.0
Uttar Pradesh,FARRUKHABAD,2013,Kharif     ,16524.0,44202.0
Uttar Pradesh,FARRUKHABAD,2014,Kharif     ,11900.0,33213.0
Uttar Pradesh,FATEHPUR,2010,Kharif     ,63527.0,134105.0
Uttar Pradesh,FATEHPUR,2011,Kharif     ,77736.0,182446.0
Uttar Pradesh,FATEHPUR,2012,Kharif     ,77164.0,189515.0
Uttar Pradesh,FATEHPUR,2013,Kharif     ,86459.0,225226.0
Uttar Pradesh,FATEHPUR,2014,Kharif     ,80702.0,157046.0
Uttar Pradesh,FIROZABAD,2010,Kharif     ,19919.0,54976.0
Uttar Pradesh,FIROZABAD,2011,Kharif     ,25410.0,72164.0
Uttar Pradesh,FIROZABAD,2012,Kharif     ,19297.0,54726.0
Uttar Pradesh,FIROZABAD,2013,Kharif     ,21599.0,59354.0
Uttar Pradesh,FIROZABAD,2013,Summer     ,1.0,3.0
Uttar Pradesh,FIROZABAD,2014,Kharif     ,23319.0,56619.0
Uttar Pradesh,GAUTAM BUDDHA NAGAR,2010,Kharif     ,23459.0,48701.0
Uttar Pradesh,GAUTAM BUDDHA NAGAR,2011,Kharif     ,22276.0,49809.0
Uttar Pradesh,GAUTAM BUDDHA NAGAR,2012,Kharif     ,23455.0,49772.0
Uttar Pradesh,GAUTAM BUDDHA NAGAR,2013,Kharif     ,13750.0,33660.0
Uttar Pradesh,GAUTAM BUDDHA NAGAR,2014,Kharif     ,22522.0,62701.0
Uttar Pradesh,GHAZIABAD,2010,Kharif     ,30102.0,76730.0
Uttar Pradesh,GHAZIABAD,2011,Kharif     ,29971.0,81731.0
Uttar Pradesh,GHAZIABAD,2012,Kharif     ,10098.0,26083.0
Uttar Pradesh,GHAZIABAD,2013,Kharif     ,9296.0,25267.0
Uttar Pradesh,GHAZIABAD,2014,Kharif     ,8650.0,23727.0
Uttar Pradesh,GHAZIPUR,2010,Kharif     ,149321.0,314321.0
Uttar Pradesh,GHAZIPUR,2011,Kharif     ,154085.0,336830.0
Uttar Pradesh,GHAZIPUR,2012,Kharif     ,149175.0,348622.0
Uttar Pradesh,GHAZIPUR,2013,Kharif     ,148895.0,318040.0
Uttar Pradesh,GHAZIPUR,2014,Kharif     ,136673.0,294257.0
Uttar Pradesh,GONDA,2010,Kharif     ,117388.0,263888.0
Uttar Pradesh,GONDA,2011,Kharif     ,121429.0,279651.0
Uttar Pradesh,GONDA,2012,Kharif     ,122264.0,287932.0
Uttar Pradesh,GONDA,2013,Kharif     ,126768.0,310582.0
Uttar Pradesh,GONDA,2014,Kharif     ,134534.0,278485.0
Uttar Pradesh,GORAKHPUR,2010,Kharif     ,153977.0,312111.0
Uttar Pradesh,GORAKHPUR,2010,Summer     ,152.0,308.0
Uttar Pradesh,GORAKHPUR,2011,Kharif     ,152103.0,332041.0
Uttar Pradesh,GORAKHPUR,2011,Summer     ,147.0,321.0
Uttar Pradesh,GORAKHPUR,2012,Kharif     ,151122.0,344256.0
Uttar Pradesh,GORAKHPUR,2012,Summer     ,147.0,335.0
Uttar Pradesh,GORAKHPUR,2013,Kharif     ,150740.0,362228.0
Uttar Pradesh,GORAKHPUR,2013,Summer     ,47.0,113.0
Uttar Pradesh,GORAKHPUR,2014,Kharif     ,152431.0,336873.0
Uttar Pradesh,GORAKHPUR,2014,Summer     ,52.0,115.0
Uttar Pradesh,HAMIRPUR,2010,Kharif     ,159.0,177.0
Uttar Pradesh,HAMIRPUR,2011,Kharif     ,76.0,119.0
Uttar Pradesh,HAMIRPUR,2012,Kharif     ,97.0,181.0
Uttar Pradesh,HAMIRPUR,2013,Kharif     ,84.0,152.0
Uttar Pradesh,HAMIRPUR,2014,Kharif     ,41.0,66.0
Uttar Pradesh,HAPUR,2012,Kharif     ,20160.0,59593.0
Uttar Pradesh,HAPUR,2013,Kharif     ,20322.0,59422.0
Uttar Pradesh,HAPUR,2014,Kharif     ,20839.0,61496.0
Uttar Pradesh,HARDOI,2010,Kharif     ,130217.0,265252.0
Uttar Pradesh,HARDOI,2010,Summer     ,26.0,53.0
Uttar Pradesh,HARDOI,2011,Kharif     ,152396.0,342586.0
Uttar Pradesh,HARDOI,2011,Summer     ,1.0,2.0
Uttar Pradesh,HARDOI,2012,Kharif     ,144505.0,354615.0
Uttar Pradesh,HARDOI,2012,Summer     ,10.0,25.0
Uttar Pradesh,HARDOI,2013,Kharif     ,149084.0,375095.0
Uttar Pradesh,HARDOI,2013,Summer     ,96.0,242.0
Uttar Pradesh,HARDOI,2014,Kharif     ,142184.0,279392.0
Uttar Pradesh,HARDOI,2014,Summer     ,50.0,98.0
Uttar Pradesh,HATHRAS,2010,Kharif     ,17158.0,30044.0
Uttar Pradesh,HATHRAS,2011,Kharif     ,18259.0,38472.0
Uttar Pradesh,HATHRAS,2012,Kharif     ,20857.0,47137.0
Uttar Pradesh,HATHRAS,2013,Kharif     ,23223.0,54690.0
Uttar Pradesh,HATHRAS,2013,Summer     ,12.0,28.0
Uttar Pradesh,HATHRAS,2014,Kharif     ,29465.0,56956.0
Uttar Pradesh,JALAUN,2010,Kharif     ,339.0,458.0
Uttar Pradesh,JALAUN,2011,Kharif     ,1062.0,1951.0
Uttar Pradesh,JALAUN,2012,Kharif     ,512.0,555.0
Uttar Pradesh,JALAUN,2013,Kharif     ,520.0,934.0
Uttar Pradesh,JALAUN,2014,Kharif     ,509.0,890.0
Uttar Pradesh,JAUNPUR,2010,Kharif     ,139885.0,292220.0
Uttar Pradesh,JAUNPUR,2011,Kharif     ,139160.0,311301.0
Uttar Pradesh,JAUNPUR,2012,Kharif     ,147185.0,343971.0
Uttar Pradesh,JAUNPUR,2013,Kharif     ,149517.0,342394.0
Uttar Pradesh,JAUNPUR,2014,Kharif     ,140428.0,338993.0
Uttar Pradesh,JHANSI,2010,Kharif     ,2067.0,4738.0
Uttar Pradesh,JHANSI,2011,Kharif     ,10590.0,21265.0
Uttar Pradesh,JHANSI,2012,Kharif     ,10042.0,19893.0
Uttar Pradesh,JHANSI,2013,Kharif     ,10738.0,20907.0
Uttar Pradesh,JHANSI,2014,Kharif     ,9590.0,17694.0
Uttar Pradesh,JHANSI,2014,Summer     ,2.0,4.0
Uttar Pradesh,KANNAUJ,2010,Kharif     ,15388.0,42933.0
Uttar Pradesh,KANNAUJ,2011,Kharif     ,16289.0,45577.0
Uttar Pradesh,KANNAUJ,2012,Kharif     ,17275.0,52257.0
Uttar Pradesh,KANNAUJ,2013,Kharif     ,21390.0,63165.0
Uttar Pradesh,KANNAUJ,2014,Kharif     ,22007.0,52355.0
Uttar Pradesh,KANPUR DEHAT,2010,Kharif     ,43449.0,99976.0
Uttar Pradesh,KANPUR DEHAT,2011,Kharif     ,43053.0,115425.0
Uttar Pradesh,KANPUR DEHAT,2012,Kharif     ,39670.0,119367.0
Uttar Pradesh,KANPUR DEHAT,2013,Kharif     ,41454.0,112299.0
Uttar Pradesh,KANPUR DEHAT,2014,Kharif     ,37513.0,92770.0
Uttar Pradesh,KANPUR NAGAR,2010,Kharif     ,31353.0,70638.0
Uttar Pradesh,KANPUR NAGAR,2011,Kharif     ,33478.0,90658.0
Uttar Pradesh,KANPUR NAGAR,2012,Kharif     ,31891.0,74689.0
Uttar Pradesh,KANPUR NAGAR,2013,Kharif     ,33584.0,85941.0
Uttar Pradesh,KANPUR NAGAR,2014,Kharif     ,29881.0,69204.0
Uttar Pradesh,KASGANJ,2010,Kharif     ,17901.0,37216.0
Uttar Pradesh,KASGANJ,2011,Kharif     ,16107.0,41411.0
Uttar Pradesh,KASGANJ,2011,Summer     ,8.0,21.0
Uttar Pradesh,KASGANJ,2012,Kharif     ,17238.0,46974.0
Uttar Pradesh,KASGANJ,2013,Kharif     ,17015.0,37977.0
Uttar Pradesh,KASGANJ,2014,Kharif     ,19146.0,45740.0
Uttar Pradesh,KAUSHAMBI,2010,Kharif     ,40103.0,79965.0
Uttar Pradesh,KAUSHAMBI,2011,Kharif     ,45799.0,111108.0
Uttar Pradesh,KAUSHAMBI,2012,Kharif     ,46141.0,100357.0
Uttar Pradesh,KAUSHAMBI,2013,Kharif     ,50894.0,112425.0
Uttar Pradesh,KAUSHAMBI,2014,Kharif     ,43224.0,93494.0
Uttar Pradesh,KHERI,2010,Kharif     ,181676.0,393329.0
Uttar Pradesh,KHERI,2010,Summer     ,3707.0,8026.0
Uttar Pradesh,KHERI,2011,Kharif     ,184419.0,443159.0
Uttar Pradesh,KHERI,2011,Summer     ,3183.0,7649.0
Uttar Pradesh,KHERI,2012,Kharif     ,183167.0,469457.0
Uttar Pradesh,KHERI,2012,Summer     ,3512.0,9001.0
Uttar Pradesh,KHERI,2013,Kharif     ,173556.0,467907.0
Uttar Pradesh,KHERI,2013,Summer     ,2526.0,6810.0
Uttar Pradesh,KHERI,2014,Kharif     ,155403.0,423318.0
Uttar Pradesh,KHERI,2014,Summer     ,1822.0,4963.0
Uttar Pradesh,KUSHI NAGAR,2010,Kharif     ,125415.0,292844.0
Uttar Pradesh,KUSHI NAGAR,2011,Kharif     ,127193.0,303991.0
Uttar Pradesh,KUSHI NAGAR,2012,Kharif     ,132485.0,327370.0
Uttar Pradesh,KUSHI NAGAR,2013,Kharif     ,122607.0,320863.0
Uttar Pradesh,KUSHI NAGAR,2014,Kharif     ,118425.0,253666.0
Uttar Pradesh,LALITPUR,2010,Kharif     ,2833.0,1856.0
Uttar Pradesh,LALITPUR,2011,Kharif     ,1631.0,1132.0
Uttar Pradesh,LALITPUR,2012,Kharif     ,1315.0,1427.0
Uttar Pradesh,LALITPUR,2013,Kharif     ,1355.0,963.0
Uttar Pradesh,LALITPUR,2014,Kharif     ,962.0,750.0
Uttar Pradesh,LUCKNOW,2010,Kharif     ,48833.0,93320.0
Uttar Pradesh,LUCKNOW,2011,Kharif     ,52978.0,106645.0
Uttar Pradesh,LUCKNOW,2012,Kharif     ,51138.0,104833.0
Uttar Pradesh,LUCKNOW,2013,Kharif     ,52159.0,105674.0
Uttar Pradesh,LUCKNOW,2014,Kharif     ,54126.0,125843.0
Uttar Pradesh,MAHARAJGANJ,2010,Kharif     ,167451.0,363536.0
Uttar Pradesh,MAHARAJGANJ,2010,Summer     ,28.0,61.0
Uttar Pradesh,MAHARAJGANJ,2011,Kharif     ,166780.0,399271.0
Uttar Pradesh,MAHARAJGANJ,2011,Summer     ,19.0,45.0
Uttar Pradesh,MAHARAJGANJ,2012,Kharif     ,164762.0,405150.0
Uttar Pradesh,MAHARAJGANJ,2012,Summer     ,20.0,49.0
Uttar Pradesh,MAHARAJGANJ,2013,Kharif     ,161164.0,398397.0
Uttar Pradesh,MAHARAJGANJ,2013,Summer     ,110.0,272.0
Uttar Pradesh,MAHARAJGANJ,2014,Kharif     ,165814.0,406742.0
Uttar Pradesh,MAHARAJGANJ,2014,Summer     ,110.0,270.0
Uttar Pradesh,MAHOBA,2010,Kharif     ,76.0,85.0
Uttar Pradesh,MAHOBA,2011,Kharif     ,58.0,90.0
Uttar Pradesh,MAHOBA,2012,Kharif     ,56.0,105.0
Uttar Pradesh,MAHOBA,2013,Kharif     ,48.0,86.0
Uttar Pradesh,MAHOBA,2014,Kharif     ,12.0,19.0
Uttar Pradesh,MAINPURI,2010,Kharif     ,49602.0,120434.0
Uttar Pradesh,MAINPURI,2011,Kharif     ,64437.0,168825.0
Uttar Pradesh,MAINPURI,2011,Summer     ,21.0,55.0
Uttar Pradesh,MAINPURI,2012,Kharif     ,59963.0,157943.0
Uttar Pradesh,MAINPURI,2012,Summer     ,21.0,55.0
Uttar Pradesh,MAINPURI,2013,Kharif     ,65174.0,172059.0
Uttar Pradesh,MAINPURI,2013,Summer     ,216.0,570.0
Uttar Pradesh,MAINPURI,2014,Kharif     ,73176.0,190843.0
Uttar Pradesh,MAINPURI,2014,Summer     ,63.0,164.0
Uttar Pradesh,MATHURA,2010,Kharif     ,47142.0,101167.0
Uttar Pradesh,MATHURA,2011,Kharif     ,45927.0,104300.0
Uttar Pradesh,MATHURA,2012,Kharif     ,48596.0,120081.0
Uttar Pradesh,MATHURA,2013,Kharif     ,52654.0,126580.0
Uttar Pradesh,MATHURA,2014,Kharif     ,49400.0,114756.0
Uttar Pradesh,MAU,2010,Kharif     ,84040.0,155894.0
Uttar Pradesh,MAU,2011,Kharif     ,91733.0,218691.0
Uttar Pradesh,MAU,2012,Kharif     ,84412.0,180557.0
Uttar Pradesh,MAU,2013,Kharif     ,88001.0,184626.0
Uttar Pradesh,MAU,2014,Kharif     ,91396.0,160583.0
Uttar Pradesh,MEERUT,2010,Kharif     ,17605.0,38608.0
Uttar Pradesh,MEERUT,2011,Kharif     ,16159.0,42143.0
Uttar Pradesh,MEERUT,2012,Kharif     ,16117.0,44273.0
Uttar Pradesh,MEERUT,2013,Kharif     ,14493.0,39305.0
Uttar Pradesh,MEERUT,2013,Summer     ,21.0,57.0
Uttar Pradesh,MEERUT,2014,Kharif     ,14466.0,42892.0
Uttar Pradesh,MEERUT,2014,Summer     ,162.0,480.0
Uttar Pradesh,MIRZAPUR,2010,Kharif     ,64224.0,132879.0
Uttar Pradesh,MIRZAPUR,2011,Kharif     ,91949.0,199897.0
Uttar Pradesh,MIRZAPUR,2012,Kharif     ,89158.0,208630.0
Uttar Pradesh,MIRZAPUR,2013,Kharif     ,81099.0,186771.0
Uttar Pradesh,MIRZAPUR,2014,Kharif     ,81132.0,187821.0
Uttar Pradesh,MORADABAD,2010,Kharif     ,125006.0,224136.0
Uttar Pradesh,MORADABAD,2010,Summer     ,473.0,848.0
Uttar Pradesh,MORADABAD,2011,Kharif     ,128889.0,277111.0
Uttar Pradesh,MORADABAD,2011,Summer     ,425.0,914.0
Uttar Pradesh,MORADABAD,2012,Kharif     ,90672.0,215799.0
Uttar Pradesh,MORADABAD,2012,Summer     ,476.0,1133.0
Uttar Pradesh,MORADABAD,2013,Kharif     ,95250.0,207931.0
Uttar Pradesh,MORADABAD,2013,Summer     ,713.0,1556.0
Uttar Pradesh,MORADABAD,2014,Kharif     ,87934.0,205941.0
Uttar Pradesh,MORADABAD,2014,Summer     ,552.0,1293.0
Uttar Pradesh,MUZAFFARNAGAR,2010,Kharif     ,37128.0,82944.0
Uttar Pradesh,MUZAFFARNAGAR,2010,Summer     ,34.0,76.0
Uttar Pradesh,MUZAFFARNAGAR,2011,Kharif     ,37144.0,86880.0
Uttar Pradesh,MUZAFFARNAGAR,2011,Summer     ,34.0,80.0
Uttar Pradesh,MUZAFFARNAGAR,2012,Kharif     ,14646.0,36644.0
Uttar Pradesh,MUZAFFARNAGAR,2012,Summer     ,2.0,5.0
Uttar Pradesh,MUZAFFARNAGAR,2013,Kharif     ,11064.0,25857.0
Uttar Pradesh,MUZAFFARNAGAR,2013,Summer     ,1.0,2.0
Uttar Pradesh,MUZAFFARNAGAR,2014,Kharif     ,10667.0,25729.0
Uttar Pradesh,MUZAFFARNAGAR,2014,Summer     ,109.0,263.0
Uttar Pradesh,PILIBHIT,2010,Kharif     ,149172.0,370692.0
Uttar Pradesh,PILIBHIT,2010,Summer     ,8391.0,20852.0
Uttar Pradesh,PILIBHIT,2011,Kharif     ,152550.0,427750.0
Uttar Pradesh,PILIBHIT,2011,Summer     ,7258.0,20351.0
Uttar Pradesh,PILIBHIT,2012,Kharif     ,152957.0,423844.0
Uttar Pradesh,PILIBHIT,2012,Summer     ,8583.0,23783.0
Uttar Pradesh,PILIBHIT,2013,Kharif     ,135908.0,380135.0
Uttar Pradesh,PILIBHIT,2013,Summer     ,10502.0,29374.0
Uttar Pradesh,PILIBHIT,2014,Kharif     ,118036.0,309963.0
Uttar Pradesh,PILIBHIT,2014,Summer     ,10953.0,28763.0
Uttar Pradesh,PRATAPGARH,2010,Kharif     ,96664.0,193811.0
Uttar Pradesh,PRATAPGARH,2011,Kharif     ,97289.0,225516.0
Uttar Pradesh,PRATAPGARH,2012,Kharif     ,99174.0,240993.0
Uttar Pradesh,PRATAPGARH,2013,Kharif     ,99245.0,237791.0
Uttar Pradesh,PRATAPGARH,2014,Kharif     ,104143.0,235676.0
Uttar Pradesh,RAE BARELI,2010,Kharif     ,80776.0,172941.0
Uttar Pradesh,RAE BARELI,2010,Summer     ,2.0,4.0
Uttar Pradesh,RAE BARELI,2011,Kharif     ,83159.0,188438.0
Uttar Pradesh,RAE BARELI,2011,Summer     ,1.0,2.0
Uttar Pradesh,RAE BARELI,2012,Kharif     ,84448.0,204618.0
Uttar Pradesh,RAE BARELI,2013,Kharif     ,89513.0,219665.0
Uttar Pradesh,RAE BARELI,2014,Kharif     ,104251.0,246449.0
Uttar Pradesh,RAMPUR,2010,Kharif     ,140906.0,267580.0
Uttar Pradesh,RAMPUR,2010,Summer     ,5170.0,9818.0
Uttar Pradesh,RAMPUR,2011,Kharif     ,140595.0,306075.0
Uttar Pradesh,RAMPUR,2011,Summer     ,5994.0,13049.0
Uttar Pradesh,RAMPUR,2012,Kharif     ,133026.0,302368.0
Uttar Pradesh,RAMPUR,2012,Summer     ,4516.0,10265.0
Uttar Pradesh,RAMPUR,2013,Kharif     ,136970.0,306950.0
Uttar Pradesh,RAMPUR,2013,Summer     ,6050.0,13558.0
Uttar Pradesh,RAMPUR,2014,Kharif     ,124076.0,280412.0
Uttar Pradesh,RAMPUR,2014,Summer     ,8614.0,19468.0
Uttar Pradesh,SAHARANPUR,2010,Kharif     ,54830.0,120023.0
Uttar Pradesh,SAHARANPUR,2011,Kharif     ,52344.0,119920.0
Uttar Pradesh,SAHARANPUR,2011,Summer     ,2.0,5.0
Uttar Pradesh,SAHARANPUR,2012,Kharif     ,54042.0,141428.0
Uttar Pradesh,SAHARANPUR,2013,Kharif     ,57786.0,141345.0
Uttar Pradesh,SAHARANPUR,2014,Kharif     ,62552.0,155629.0
Uttar Pradesh,SAMBHAL,2012,Kharif     ,35823.0,86262.0
Uttar Pradesh,SAMBHAL,2013,Kharif     ,40134.0,92388.0
Uttar Pradesh,SAMBHAL,2014,Kharif     ,35060.0,76746.0
Uttar Pradesh,SANT KABEER NAGAR,2010,Kharif     ,90035.0,173768.0
Uttar Pradesh,SANT KABEER NAGAR,2011,Kharif     ,90665.0,190578.0
Uttar Pradesh,SANT KABEER NAGAR,2011,Summer     ,65.0,137.0
Uttar Pradesh,SANT KABEER NAGAR,2012,Kharif     ,87731.0,200202.0
Uttar Pradesh,SANT KABEER NAGAR,2012,Summer     ,65.0,148.0
Uttar Pradesh,SANT KABEER NAGAR,2013,Kharif     ,89987.0,208230.0
Uttar Pradesh,SANT KABEER NAGAR,2013,Summer     ,67.0,155.0
Uttar Pradesh,SANT KABEER NAGAR,2014,Kharif     ,90918.0,162561.0
Uttar Pradesh,SANT KABEER NAGAR,2014,Summer     ,60.0,107.0
Uttar Pradesh,SANT RAVIDAS NAGAR,2010,Kharif     ,22116.0,44918.0
Uttar Pradesh,SANT RAVIDAS NAGAR,2011,Kharif     ,27635.0,67098.0
Uttar Pradesh,SANT RAVIDAS NAGAR,2012,Kharif     ,23422.0,59750.0
Uttar Pradesh,SANT RAVIDAS NAGAR,2013,Kharif     ,27721.0,70938.0
Uttar Pradesh,SANT RAVIDAS NAGAR,2014,Kharif     ,27981.0,61950.0
Uttar Pradesh,SHAHJAHANPUR,2010,Kharif     ,211075.0,430171.0
Uttar Pradesh,SHAHJAHANPUR,2010,Summer     ,5949.0,12124.0
Uttar Pradesh,SHAHJAHANPUR,2011,Kharif     ,191093.0,500281.0
Uttar Pradesh,SHAHJAHANPUR,2011,Summer     ,5679.0,14868.0
Uttar Pradesh,SHAHJAHANPUR,2012,Kharif     ,215646.0,579441.0
Uttar Pradesh,SHAHJAHANPUR,2012,Summer     ,5581.0,14996.0
Uttar Pradesh,SHAHJAHANPUR,2013,Kharif     ,198105.0,531714.0
Uttar Pradesh,SHAHJAHANPUR,2013,Summer     ,5320.0,14279.0
Uttar Pradesh,SHAHJAHANPUR,2014,Kharif     ,203946.0,572069.0
Uttar Pradesh,SHAHJAHANPUR,2014,Summer     ,5379.0,15088.0
Uttar Pradesh,SHAMLI,2012,Kharif     ,20766.0,53639.0
Uttar Pradesh,SHAMLI,2012,Summer     ,25.0,65.0
Uttar Pradesh,SHAMLI,2013,Kharif     ,19778.0,52234.0
Uttar Pradesh,SHAMLI,2013,Summer     ,78.0,206.0
Uttar Pradesh,SHAMLI,2014,Kharif     ,22666.0,59952.0
Uttar Pradesh,SHAMLI,2014,Summer     ,257.0,680.0
Uttar Pradesh,SHRAVASTI,2010,Kharif     ,71137.0,135658.0
Uttar Pradesh,SHRAVASTI,2011,Kharif     ,74974.0,139452.0
Uttar Pradesh,SHRAVASTI,2012,Kharif     ,73500.0,163832.0
Uttar Pradesh,SHRAVASTI,2013,Kharif     ,75337.0,155119.0
Uttar Pradesh,SHRAVASTI,2014,Kharif     ,79949.0,173889.0
Uttar Pradesh,SIDDHARTH NAGAR,2010,Kharif     ,175157.0,415297.0
Uttar Pradesh,SIDDHARTH NAGAR,2011,Kharif     ,169824.0,435429.0
Uttar Pradesh,SIDDHARTH NAGAR,2012,Kharif     ,160991.0,411332.0
Uttar Pradesh,SIDDHARTH NAGAR,2013,Kharif     ,173903.0,477016.0
Uttar Pradesh,SIDDHARTH NAGAR,2014,Kharif     ,170404.0,414082.0
Uttar Pradesh,SITAPUR,2010,Kharif     ,156947.0,310441.0
Uttar Pradesh,SITAPUR,2010,Summer     ,29.0,57.0
Uttar Pradesh,SITAPUR,2011,Kharif     ,155655.0,346177.0
Uttar Pradesh,SITAPUR,2011,Summer     ,26.0,58.0
Uttar Pradesh,SITAPUR,2012,Kharif     ,162205.0,388481.0
Uttar Pradesh,SITAPUR,2012,Summer     ,26.0,63.0
Uttar Pradesh,SITAPUR,2013,Kharif     ,169741.0,413998.0
Uttar Pradesh,SITAPUR,2013,Summer     ,44.0,107.0
Uttar Pradesh,SITAPUR,2014,Kharif     ,164128.0,382911.0
Uttar Pradesh,SITAPUR,2014,Summer     ,75.0,175.0
Uttar Pradesh,SONBHADRA,2010,Kharif     ,27442.0,42014.0
Uttar Pradesh,SONBHADRA,2011,Kharif     ,32987.0,67260.0
Uttar Pradesh,SONBHADRA,2012,Kharif     ,35344.0,73586.0
Uttar Pradesh,SONBHADRA,2013,Kharif     ,30842.0,66680.0
Uttar Pradesh,SONBHADRA,2014,Kharif     ,29426.0,52290.0
Uttar Pradesh,SULTANPUR,2010,Kharif     ,90048.0,216836.0
Uttar Pradesh,SULTANPUR,2011,Kharif     ,93636.0,227161.0
Uttar Pradesh,SULTANPUR,2012,Kharif     ,93861.0,236060.0
Uttar Pradesh,SULTANPUR,2013,Kharif     ,93449.0,227735.0
Uttar Pradesh,SULTANPUR,2014,Kharif     ,85103.0,151568.0
Uttar Pradesh,UNNAO,2010,Kharif     ,81000.0,138186.0
Uttar Pradesh,UNNAO,2010,Summer     ,11.0,19.0
Uttar Pradesh,UNNAO,2011,Kharif     ,96881.0,173708.0
Uttar Pradesh,UNNAO,2012,Kharif     ,98269.0,192804.0
Uttar Pradesh,UNNAO,2012,Summer     ,11.0,22.0
Uttar Pradesh,UNNAO,2013,Kharif     ,102455.0,218229.0
Uttar Pradesh,UNNAO,2014,Kharif     ,96435.0,161818.0
Uttar Pradesh,UNNAO,2014,Summer     ,1.0,2.0
Uttar Pradesh,VARANASI,2010,Kharif     ,42021.0,84882.0
Uttar Pradesh,VARANASI,2011,Kharif     ,50950.0,112854.0
Uttar Pradesh,VARANASI,2012,Kharif     ,42757.0,103814.0
Uttar Pradesh,VARANASI,2013,Kharif     ,46938.0,100964.0
Uttar Pradesh,VARANASI,2014,Kharif     ,43862.0,101848.0
Uttarakhand,ALMORA,2010,Kharif     ,19294.0,19886.0
Uttarakhand,ALMORA,2011,Kharif     ,18736.0,21252.0
Uttarakhand,ALMORA,2012,Kharif     ,18288.0,19656.0
Uttarakhand,ALMORA,2013,Kharif     ,15597.0,18545.0
Uttarakhand,ALMORA,2014,Kharif     ,16897.0,19776.0
Uttarakhand,ALMORA,2014,Whole Year ,16897.0,19776.0
Uttarakhand,BAGESHWAR,2010,Kharif     ,13700.0,16519.0
Uttarakhand,BAGESHWAR,2011,Kharif     ,13727.0,19455.0
Uttarakhand,BAGESHWAR,2012,Kharif     ,13272.0,19740.0
Uttarakhand,BAGESHWAR,2013,Kharif     ,13580.0,19492.0
Uttarakhand,BAGESHWAR,2014,Kharif     ,13130.0,19916.0
Uttarakhand,BAGESHWAR,2014,Whole Year ,13130.0,19916.0
Uttarakhand,CHAMOLI,2010,Kharif     ,12407.0,17532.0
Uttarakhand,CHAMOLI,2011,Kharif     ,11001.0,14557.0
Uttarakhand,CHAMOLI,2012,Kharif     ,11983.0,16414.0
Uttarakhand,CHAMOLI,2013,Kharif     ,11779.0,15234.0
Uttarakhand,CHAMOLI,2014,Kharif     ,11265.0,14414.0
Uttarakhand,CHAMOLI,2014,Whole Year ,11265.0,14414.0
Uttarakhand,CHAMPAWAT,2010,Kharif     ,7216.0,7455.0
Uttarakhand,CHAMPAWAT,2010,Rabi       ,10.0,
Uttarakhand,CHAMPAWAT,2011,Kharif     ,7360.0,9130.0
Uttarakhand,CHAMPAWAT,2012,Kharif     ,6006.0,8150.0
Uttarakhand,CHAMPAWAT,2013,Kharif     ,6406.0,9417.0
Uttarakhand,CHAMPAWAT,2014,Kharif     ,6312.0,8191.0
Uttarakhand,CHAMPAWAT,2014,Whole Year ,6312.0,8191.0
Uttarakhand,DEHRADUN,2010,Kharif     ,11193.0,21827.0
Uttarakhand,DEHRADUN,2011,Kharif     ,10905.0,23083.0
Uttarakhand,DEHRADUN,2012,Kharif     ,11047.0,22704.0
Uttarakhand,DEHRADUN,2013,Kharif     ,10112.0,21537.0
Uttarakhand,DEHRADUN,2014,Kharif     ,9179.0,17672.0
Uttarakhand,DEHRADUN,2014,Whole Year ,9179.0,17672.0
Uttarakhand,HARIDWAR,2010,Kharif     ,18237.0,29285.0
Uttarakhand,HARIDWAR,2010,Rabi       ,16.0,38.0
Uttarakhand,HARIDWAR,2011,Kharif     ,15440.0,30652.0
Uttarakhand,HARIDWAR,2012,Kharif     ,13575.0,30673.0
Uttarakhand,HARIDWAR,2013,Kharif     ,11781.0,23232.0
Uttarakhand,HARIDWAR,2013,Summer     ,5.0,17.0
Uttarakhand,HARIDWAR,2014,Kharif     ,12985.0,28856.0
Uttarakhand,HARIDWAR,2014,Summer     ,48.0,151.0
Uttarakhand,HARIDWAR,2014,Whole Year ,13033.0,29007.0
Uttarakhand,NAINITAL,2010,Kharif     ,12543.0,29300.0
Uttarakhand,NAINITAL,2010,Rabi       ,124.0,410.0
Uttarakhand,NAINITAL,2011,Kharif     ,12914.0,36461.0
Uttarakhand,NAINITAL,2011,Summer     ,140.0,463.0
Uttarakhand,NAINITAL,2012,Kharif     ,11777.0,34682.0
Uttarakhand,NAINITAL,2012,Summer     ,176.0,565.0
Uttarakhand,NAINITAL,2013,Kharif     ,12158.0,31691.0
Uttarakhand,NAINITAL,2013,Summer     ,177.0,589.0
Uttarakhand,NAINITAL,2014,Kharif     ,11597.0,32544.0
Uttarakhand,NAINITAL,2014,Summer     ,196.0,617.0
Uttarakhand,NAINITAL,2014,Whole Year ,11793.0,33161.0
Uttarakhand,PAURI GARHWAL,2010,Kharif     ,17180.0,18646.0
Uttarakhand,PAURI GARHWAL,2011,Kharif     ,15980.0,18438.0
Uttarakhand,PAURI GARHWAL,2012,Kharif     ,15526.0,18211.0
Uttarakhand,PAURI GARHWAL,2013,Kharif     ,13923.0,17909.0
Uttarakhand,PAURI GARHWAL,2014,Kharif     ,14566.0,17359.0
Uttarakhand,PAURI GARHWAL,2014,Whole Year ,14566.0,17359.0
Uttarakhand,PITHORAGARH,2010,Kharif     ,22525.0,28454.0
Uttarakhand,PITHORAGARH,2011,Kharif     ,21606.0,27841.0
Uttarakhand,PITHORAGARH,2012,Kharif     ,20204.0,26027.0
Uttarakhand,PITHORAGARH,2013,Kharif     ,20597.0,28280.0
Uttarakhand,PITHORAGARH,2014,Kharif     ,20131.0,25550.0
Uttarakhand,PITHORAGARH,2014,Whole Year ,20131.0,25550.0
Uttarakhand,RUDRA PRAYAG,2010,Kharif     ,9726.0,14897.0
Uttarakhand,RUDRA PRAYAG,2011,Kharif     ,9017.0,12658.0
Uttarakhand,RUDRA PRAYAG,2012,Kharif     ,9268.0,12439.0
Uttarakhand,RUDRA PRAYAG,2013,Kharif     ,8495.0,11408.0
Uttarakhand,RUDRA PRAYAG,2014,Kharif     ,8944.0,11675.0
Uttarakhand,RUDRA PRAYAG,2014,Whole Year ,8944.0,11675.0
Uttarakhand,TEHRI GARHWAL,2010,Kharif     ,11396.0,16656.0
Uttarakhand,TEHRI GARHWAL,2011,Kharif     ,12377.0,18413.0
Uttarakhand,TEHRI GARHWAL,2012,Kharif     ,11108.0,16012.0
Uttarakhand,TEHRI GARHWAL,2013,Kharif     ,11352.0,17596.0
Uttarakhand,TEHRI GARHWAL,2014,Kharif     ,11291.0,18985.0
Uttarakhand,TEHRI GARHWAL,2014,Whole Year ,11291.0,18985.0
Uttarakhand,UDAM SINGH NAGAR,2010,Kharif     ,104602.0,257494.0
Uttarakhand,UDAM SINGH NAGAR,2010,Rabi       ,15127.0,50055.0
Uttarakhand,UDAM SINGH NAGAR,2011,Kharif     ,101637.0,295392.0
Uttarakhand,UDAM SINGH NAGAR,2011,Summer     ,13540.0,44804.0
Uttarakhand,UDAM SINGH NAGAR,2012,Kharif     ,103064.0,318027.0
Uttarakhand,UDAM SINGH NAGAR,2012,Summer     ,14024.0,44987.0
Uttarakhand,UDAM SINGH NAGAR,2013,Kharif     ,102169.0,321436.0
Uttarakhand,UDAM SINGH NAGAR,2013,Summer     ,12238.0,40704.0
Uttarakhand,UDAM SINGH NAGAR,2014,Kharif     ,101482.0,330419.0
Uttarakhand,UDAM SINGH NAGAR,2014,Summer     ,12150.0,38236.0
Uttarakhand,UDAM SINGH NAGAR,2014,Whole Year ,113632.0,368655.0
Uttarakhand,UTTAR KASHI,2010,Kharif     ,10397.0,17132.0
Uttarakhand,UTTAR KASHI,2011,Kharif     ,10619.0,17165.0
Uttarakhand,UTTAR KASHI,2012,Kharif     ,9919.0,18604.0
Uttarakhand,UTTAR KASHI,2013,Kharif     ,9010.0,15981.0
Uttarakhand,UTTAR KASHI,2014,Kharif     ,9919.0,16499.0
Uttarakhand,UTTAR KASHI,2014,Whole Year ,9919.0,16499.0
West Bengal,24 PARAGANAS NORTH,2010,Autumn     ,18514.0,42008.0
West Bengal,24 PARAGANAS NORTH,2010,Summer     ,77633.0,261587.0
West Bengal,24 PARAGANAS NORTH,2010,Winter     ,127578.0,302957.0
West Bengal,24 PARAGANAS NORTH,2011,Autumn     ,15789.0,42918.0
West Bengal,24 PARAGANAS NORTH,2011,Summer     ,71962.0,225593.0
West Bengal,24 PARAGANAS NORTH,2011,Winter     ,133756.0,329019.0
West Bengal,24 PARAGANAS NORTH,2012,Autumn     ,13891.0,36080.0
West Bengal,24 PARAGANAS NORTH,2012,Summer     ,70500.0,249051.0
West Bengal,24 PARAGANAS NORTH,2012,Winter     ,133093.0,364032.0
West Bengal,24 PARAGANAS NORTH,2013,Autumn     ,16286.0,46047.0
West Bengal,24 PARAGANAS NORTH,2013,Summer     ,70880.0,231275.0
West Bengal,24 PARAGANAS NORTH,2013,Winter     ,131943.0,391081.0
West Bengal,24 PARAGANAS NORTH,2014,Autumn     ,15876.0,42913.0
West Bengal,24 PARAGANAS NORTH,2014,Summer     ,70898.0,239229.0
West Bengal,24 PARAGANAS NORTH,2014,Winter     ,139767.0,401623.0
West Bengal,24 PARAGANAS SOUTH,2010,Autumn     ,5755.0,11330.0
West Bengal,24 PARAGANAS SOUTH,2010,Summer     ,68304.0,216360.0
West Bengal,24 PARAGANAS SOUTH,2010,Winter     ,297915.0,628668.0
West Bengal,24 PARAGANAS SOUTH,2011,Autumn     ,7396.0,17323.0
West Bengal,24 PARAGANAS SOUTH,2011,Summer     ,67579.0,215172.0
West Bengal,24 PARAGANAS SOUTH,2011,Winter     ,313946.0,670597.0
West Bengal,24 PARAGANAS SOUTH,2012,Autumn     ,3887.0,8958.0
West Bengal,24 PARAGANAS SOUTH,2012,Summer     ,60283.0,181321.0
West Bengal,24 PARAGANAS SOUTH,2012,Winter     ,314185.0,714056.0
West Bengal,24 PARAGANAS SOUTH,2013,Autumn     ,4033.0,10921.0
West Bengal,24 PARAGANAS SOUTH,2013,Summer     ,72967.0,231508.0
West Bengal,24 PARAGANAS SOUTH,2013,Winter     ,316815.0,747982.0
West Bengal,24 PARAGANAS SOUTH,2014,Autumn     ,5050.0,12760.0
West Bengal,24 PARAGANAS SOUTH,2014,Summer     ,63392.0,211431.0
West Bengal,24 PARAGANAS SOUTH,2014,Winter     ,325501.0,794541.0
West Bengal,BANKURA,2010,Autumn     ,12991.0,29828.0
West Bengal,BANKURA,2010,Summer     ,37048.0,110442.0
West Bengal,BANKURA,2010,Winter     ,147983.0,367221.0
West Bengal,BANKURA,2011,Autumn     ,16517.0,45377.0
West Bengal,BANKURA,2011,Summer     ,42505.0,104441.0
West Bengal,BANKURA,2011,Winter     ,317968.0,969693.0
West Bengal,BANKURA,2012,Autumn     ,19012.0,55954.0
West Bengal,BANKURA,2012,Summer     ,34831.0,113038.0
West Bengal,BANKURA,2012,Winter     ,322444.0,864752.0
West Bengal,BANKURA,2013,Autumn     ,19717.0,50308.0
West Bengal,BANKURA,2013,Summer     ,40009.0,120562.0
West Bengal,BANKURA,2013,Winter     ,317884.0,874486.0
West Bengal,BANKURA,2014,Autumn     ,21698.0,68762.0
West Bengal,BANKURA,2014,Summer     ,40185.0,120678.0
West Bengal,BANKURA,2014,Winter     ,294204.0,794716.0
West Bengal,BARDHAMAN,2010,Autumn     ,9285.0,26478.0
West Bengal,BARDHAMAN,2010,Summer     ,189443.0,585863.0
West Bengal,BARDHAMAN,2010,Winter     ,364128.0,1053602.0
West Bengal,BARDHAMAN,2011,Autumn     ,10169.0,30638.0
West Bengal,BARDHAMAN,2011,Summer     ,169333.0,476332.0
West Bengal,BARDHAMAN,2011,Winter     ,413299.0,1242347.0
West Bengal,BARDHAMAN,2012,Autumn     ,9293.0,28765.0
West Bengal,BARDHAMAN,2012,Summer     ,163328.0,592495.0
West Bengal,BARDHAMAN,2012,Winter     ,420798.0,1301195.0
West Bengal,BARDHAMAN,2013,Autumn     ,9356.0,25163.0
West Bengal,BARDHAMAN,2013,Summer     ,176219.0,668407.0
West Bengal,BARDHAMAN,2013,Winter     ,418616.0,1323049.0
West Bengal,BARDHAMAN,2014,Autumn     ,13198.0,44362.0
West Bengal,BARDHAMAN,2014,Summer     ,150267.0,490532.0
West Bengal,BARDHAMAN,2014,Winter     ,419814.0,1361138.0
West Bengal,BIRBHUM,2010,Autumn     ,2619.0,7105.0
West Bengal,BIRBHUM,2010,Summer     ,59448.0,201392.0
West Bengal,BIRBHUM,2010,Winter     ,186962.0,539456.0
West Bengal,BIRBHUM,2011,Autumn     ,2554.0,5902.0
West Bengal,BIRBHUM,2011,Summer     ,57912.0,180053.0
West Bengal,BIRBHUM,2011,Winter     ,326412.0,940842.0
West Bengal,BIRBHUM,2012,Autumn     ,2477.0,6209.0
West Bengal,BIRBHUM,2012,Summer     ,57118.0,201202.0
West Bengal,BIRBHUM,2012,Winter     ,312496.0,876823.0
West Bengal,BIRBHUM,2013,Autumn     ,2763.0,6327.0
West Bengal,BIRBHUM,2013,Summer     ,59586.0,203027.0
West Bengal,BIRBHUM,2013,Winter     ,322256.0,1064745.0
West Bengal,BIRBHUM,2014,Autumn     ,2585.0,6721.0
West Bengal,BIRBHUM,2014,Summer     ,66581.0,225789.0
West Bengal,BIRBHUM,2014,Winter     ,315561.0,1029374.0
West Bengal,COOCHBEHAR,2010,Autumn     ,1733.0,2756.0
West Bengal,COOCHBEHAR,2010,Summer     ,51338.0,148435.0
West Bengal,COOCHBEHAR,2010,Winter     ,222220.0,505675.0
West Bengal,COOCHBEHAR,2011,Autumn     ,4218.0,6923.0
West Bengal,COOCHBEHAR,2011,Summer     ,49330.0,141713.0
West Bengal,COOCHBEHAR,2011,Winter     ,219727.0,452052.0
West Bengal,COOCHBEHAR,2012,Autumn     ,4214.0,6367.0
West Bengal,COOCHBEHAR,2012,Summer     ,53869.0,176821.0
West Bengal,COOCHBEHAR,2012,Winter     ,219730.0,487072.0
West Bengal,COOCHBEHAR,2013,Autumn     ,4170.0,7106.0
West Bengal,COOCHBEHAR,2013,Summer     ,56109.0,180652.0
West Bengal,COOCHBEHAR,2013,Winter     ,212855.0,540216.0
West Bengal,COOCHBEHAR,2014,Autumn     ,4050.0,7113.0
West Bengal,COOCHBEHAR,2014,Summer     ,56294.0,197210.0
West Bengal,COOCHBEHAR,2014,Winter     ,217046.0,515777.0
West Bengal,DARJEELING,2010,Autumn     ,3451.0,8181.0
West Bengal,DARJEELING,2010,Summer     ,1533.0,3981.0
West Bengal,DARJEELING,2010,Winter     ,27278.0,65640.0
West Bengal,DARJEELING,2011,Autumn     ,3468.0,6461.0
West Bengal,DARJEELING,2011,Summer     ,1579.0,4299.0
West Bengal,DARJEELING,2011,Winter     ,27242.0,60576.0
West Bengal,DARJEELING,2012,Autumn     ,3478.0,4977.0
West Bengal,DARJEELING,2012,Summer     ,1630.0,3677.0
West Bengal,DARJEELING,2012,Winter     ,27311.0,58903.0
West Bengal,DARJEELING,2013,Autumn     ,3512.0,6823.0
West Bengal,DARJEELING,2013,Summer     ,1638.0,3354.0
West Bengal,DARJEELING,2013,Winter     ,27005.0,62125.0
West Bengal,DARJEELING,2014,Autumn     ,3910.0,8158.0
West Bengal,DARJEELING,2014,Summer     ,1516.0,3437.0
West Bengal,DARJEELING,2014,Winter     ,27135.0,56945.0
West Bengal,DINAJPUR DAKSHIN,2010,Autumn     ,3571.0,7729.0
West Bengal,DINAJPUR DAKSHIN,2010,Summer     ,34597.0,105254.0
West Bengal,DINAJPUR DAKSHIN,2010,Winter     ,151578.0,447713.0
West Bengal,DINAJPUR DAKSHIN,2011,Autumn     ,2110.0,4457.0
West Bengal,DINAJPUR DAKSHIN,2011,Summer     ,30807.0,90832.0
West Bengal,DINAJPUR DAKSHIN,2011,Winter     ,149572.0,374181.0
West Bengal,DINAJPUR DAKSHIN,2012,Autumn     ,936.0,1667.0
West Bengal,DINAJPUR DAKSHIN,2012,Summer     ,21908.0,68722.0
West Bengal,DINAJPUR DAKSHIN,2012,Winter     ,158532.0,440334.0
West Bengal,DINAJPUR DAKSHIN,2013,Autumn     ,891.0,1646.0
West Bengal,DINAJPUR DAKSHIN,2013,Summer     ,21560.0,70157.0
West Bengal,DINAJPUR DAKSHIN,2013,Winter     ,157471.0,442904.0
West Bengal,DINAJPUR DAKSHIN,2014,Autumn     ,884.0,1726.0
West Bengal,DINAJPUR DAKSHIN,2014,Summer     ,16722.0,56152.0
West Bengal,DINAJPUR DAKSHIN,2014,Winter     ,163582.0,462884.0
West Bengal,DINAJPUR UTTAR,2010,Autumn     ,328.0,614.0
West Bengal,DINAJPUR UTTAR,2010,Summer     ,71596.0,187583.0
West Bengal,DINAJPUR UTTAR,2010,Winter     ,177585.0,467258.0
West Bengal,DINAJPUR UTTAR,2011,Autumn     ,277.0,516.0
West Bengal,DINAJPUR UTTAR,2011,Summer     ,62032.0,188790.0
West Bengal,DINAJPUR UTTAR,2011,Winter     ,173283.0,446570.0
West Bengal,DINAJPUR UTTAR,2012,Autumn     ,239.0,426.0
West Bengal,DINAJPUR UTTAR,2012,Summer     ,49554.0,136650.0
West Bengal,DINAJPUR UTTAR,2012,Winter     ,177035.0,436691.0
West Bengal,DINAJPUR UTTAR,2013,Autumn     ,658.0,1278.0
West Bengal,DINAJPUR UTTAR,2013,Summer     ,50081.0,128804.0
West Bengal,DINAJPUR UTTAR,2013,Winter     ,177121.0,424966.0
West Bengal,DINAJPUR UTTAR,2014,Autumn     ,954.0,1991.0
West Bengal,DINAJPUR UTTAR,2014,Summer     ,37599.0,131609.0
West Bengal,DINAJPUR UTTAR,2014,Winter     ,179862.0,466273.0
West Bengal,HOOGHLY,2010,Autumn     ,4474.0,11555.0
West Bengal,HOOGHLY,2010,Summer     ,93120.0,299884.0
West Bengal,HOOGHLY,2010,Winter     ,194776.0,592723.0
West Bengal,HOOGHLY,2011,Autumn     ,7494.0,14387.0
West Bengal,HOOGHLY,2011,Summer     ,78128.0,248816.0
West Bengal,HOOGHLY,2011,Winter     ,191578.0,543633.0
West Bengal,HOOGHLY,2012,Autumn     ,6089.0,15144.0
West Bengal,HOOGHLY,2012,Summer     ,82707.0,255782.0
West Bengal,HOOGHLY,2012,Winter     ,184654.0,522117.0
West Bengal,HOOGHLY,2013,Autumn     ,5816.0,14343.0
West Bengal,HOOGHLY,2013,Summer     ,84241.0,248238.0
West Bengal,HOOGHLY,2013,Winter     ,195988.0,545151.0
West Bengal,HOOGHLY,2014,Autumn     ,6157.0,18096.0
West Bengal,HOOGHLY,2014,Summer     ,79654.0,261105.0
West Bengal,HOOGHLY,2014,Winter     ,190221.0,580845.0
West Bengal,HOWRAH,2010,Autumn     ,753.0,2071.0
West Bengal,HOWRAH,2010,Summer     ,41318.0,136208.0
West Bengal,HOWRAH,2010,Winter     ,73401.0,166483.0
West Bengal,HOWRAH,2011,Autumn     ,1083.0,1049.0
West Bengal,HOWRAH,2011,Summer     ,40966.0,130799.0
West Bengal,HOWRAH,2011,Winter     ,65000.0,93485.0
West Bengal,HOWRAH,2012,Autumn     ,1662.0,5378.0
West Bengal,HOWRAH,2012,Summer     ,42165.0,129584.0
West Bengal,HOWRAH,2012,Winter     ,67380.0,151869.0
West Bengal,HOWRAH,2013,Autumn     ,1572.0,4660.0
West Bengal,HOWRAH,2013,Summer     ,42709.0,128178.0
West Bengal,HOWRAH,2013,Winter     ,64360.0,142291.0
West Bengal,HOWRAH,2014,Autumn     ,2836.0,8287.0
West Bengal,HOWRAH,2014,Summer     ,43456.0,135474.0
West Bengal,HOWRAH,2014,Winter     ,71064.0,176630.0
West Bengal,JALPAIGURI,2010,Autumn     ,30782.0,57398.0
West Bengal,JALPAIGURI,2010,Summer     ,17314.0,37193.0
West Bengal,JALPAIGURI,2010,Winter     ,176016.0,399148.0
West Bengal,JALPAIGURI,2011,Autumn     ,29852.0,55243.0
West Bengal,JALPAIGURI,2011,Summer     ,16929.0,34497.0
West Bengal,JALPAIGURI,2011,Winter     ,177843.0,379914.0
West Bengal,JALPAIGURI,2012,Autumn     ,29132.0,54999.0
West Bengal,JALPAIGURI,2012,Summer     ,19013.0,54174.0
West Bengal,JALPAIGURI,2012,Winter     ,179979.0,383707.0
West Bengal,JALPAIGURI,2013,Autumn     ,29424.0,57673.0
West Bengal,JALPAIGURI,2013,Summer     ,20126.0,44767.0
West Bengal,JALPAIGURI,2013,Winter     ,180097.0,420708.0
West Bengal,JALPAIGURI,2014,Autumn     ,31345.0,68726.0
West Bengal,JALPAIGURI,2014,Summer     ,22779.0,59187.0
West Bengal,JALPAIGURI,2014,Winter     ,176420.0,433939.0
West Bengal,MALDAH,2010,Autumn     ,3440.0,5504.0
West Bengal,MALDAH,2010,Summer     ,64581.0,245522.0
West Bengal,MALDAH,2010,Winter     ,132742.0,379451.0
West Bengal,MALDAH,2011,Autumn     ,3689.0,8547.0
West Bengal,MALDAH,2011,Summer     ,56673.0,217358.0
West Bengal,MALDAH,2011,Winter     ,144564.0,386068.0
West Bengal,MALDAH,2012,Autumn     ,3098.0,5519.0
West Bengal,MALDAH,2012,Summer     ,58858.0,226440.0
West Bengal,MALDAH,2012,Winter     ,145630.0,412606.0
West Bengal,MALDAH,2013,Autumn     ,3116.0,6054.0
West Bengal,MALDAH,2013,Summer     ,60025.0,236217.0
West Bengal,MALDAH,2013,Winter     ,135629.0,462095.0
West Bengal,MALDAH,2014,Autumn     ,2937.0,6854.0
West Bengal,MALDAH,2014,Summer     ,59802.0,243374.0
West Bengal,MALDAH,2014,Winter     ,141455.0,457341.0
West Bengal,MEDINIPUR EAST,2010,Autumn     ,14685.0,30107.0
West Bengal,MEDINIPUR EAST,2010,Summer     ,168447.0,590050.0
West Bengal,MEDINIPUR EAST,2010,Winter     ,266350.0,608689.0
West Bengal,MEDINIPUR EAST,2011,Autumn     ,13038.0,24244.0
West Bengal,MEDINIPUR EAST,2011,Summer     ,126808.0,438394.0
West Bengal,MEDINIPUR EAST,2011,Winter     ,259876.0,547586.0
West Bengal,MEDINIPUR EAST,2012,Autumn     ,11357.0,22540.0
West Bengal,MEDINIPUR EAST,2012,Summer     ,135070.0,447040.0
West Bengal,MEDINIPUR EAST,2012,Winter     ,256014.0,590720.0
West Bengal,MEDINIPUR EAST,2013,Autumn     ,11455.0,23297.0
West Bengal,MEDINIPUR EAST,2013,Summer     ,139959.0,476928.0
West Bengal,MEDINIPUR EAST,2013,Winter     ,237323.0,376132.0
West Bengal,MEDINIPUR EAST,2014,Autumn     ,15111.0,34064.0
West Bengal,MEDINIPUR EAST,2014,Summer     ,159819.0,563332.0
West Bengal,MEDINIPUR EAST,2014,Winter     ,254064.0,546260.0
West Bengal,MEDINIPUR WEST,2010,Autumn     ,39370.0,86742.0
West Bengal,MEDINIPUR WEST,2010,Summer     ,173888.0,629634.0
West Bengal,MEDINIPUR WEST,2010,Winter     ,403460.0,1002184.0
West Bengal,MEDINIPUR WEST,2011,Autumn     ,35781.0,75673.0
West Bengal,MEDINIPUR WEST,2011,Summer     ,137185.0,452691.0
West Bengal,MEDINIPUR WEST,2011,Winter     ,482718.0,1245624.0
West Bengal,MEDINIPUR WEST,2012,Autumn     ,37034.0,85775.0
West Bengal,MEDINIPUR WEST,2012,Summer     ,167853.0,478464.0
West Bengal,MEDINIPUR WEST,2012,Winter     ,486172.0,1315911.0
West Bengal,MEDINIPUR WEST,2013,Autumn     ,37862.0,87307.0
West Bengal,MEDINIPUR WEST,2013,Summer     ,176270.0,601882.0
West Bengal,MEDINIPUR WEST,2013,Winter     ,502667.0,1053375.0
West Bengal,MEDINIPUR WEST,2014,Autumn     ,33141.0,80300.0
West Bengal,MEDINIPUR WEST,2014,Summer     ,195960.0,580442.0
West Bengal,MEDINIPUR WEST,2014,Winter     ,496134.0,1348329.0
West Bengal,MURSHIDABAD,2010,Autumn     ,11867.0,23358.0
West Bengal,MURSHIDABAD,2010,Summer     ,121612.0,399084.0
West Bengal,MURSHIDABAD,2010,Winter     ,170696.0,439287.0
West Bengal,MURSHIDABAD,2011,Autumn     ,11849.0,26456.0
West Bengal,MURSHIDABAD,2011,Summer     ,113523.0,374864.0
West Bengal,MURSHIDABAD,2011,Winter     ,225648.0,555990.0
West Bengal,MURSHIDABAD,2012,Autumn     ,11682.0,26953.0
West Bengal,MURSHIDABAD,2012,Summer     ,114063.0,392066.0
West Bengal,MURSHIDABAD,2012,Winter     ,226641.0,554681.0
West Bengal,MURSHIDABAD,2013,Autumn     ,11617.0,30039.0
West Bengal,MURSHIDABAD,2013,Summer     ,119769.0,411888.0
West Bengal,MURSHIDABAD,2013,Winter     ,219346.0,674772.0
West Bengal,MURSHIDABAD,2014,Autumn     ,18234.0,46997.0
West Bengal,MURSHIDABAD,2014,Summer     ,126504.0,457147.0
West Bengal,MURSHIDABAD,2014,Winter     ,222718.0,686341.0
West Bengal,NADIA,2010,Autumn     ,48392.0,100640.0
West Bengal,NADIA,2010,Summer     ,98567.0,348095.0
West Bengal,NADIA,2010,Winter     ,88778.0,201733.0
West Bengal,NADIA,2011,Autumn     ,47487.0,104923.0
West Bengal,NADIA,2011,Summer     ,97703.0,350155.0
West Bengal,NADIA,2011,Winter     ,106951.0,289408.0
West Bengal,NADIA,2012,Autumn     ,47478.0,105131.0
West Bengal,NADIA,2012,Summer     ,95233.0,357653.0
West Bengal,NADIA,2012,Winter     ,90144.0,205511.0
West Bengal,NADIA,2013,Autumn     ,47696.0,114531.0
West Bengal,NADIA,2013,Summer     ,94331.0,351024.0
West Bengal,NADIA,2013,Winter     ,97006.0,268862.0
West Bengal,NADIA,2014,Autumn     ,49599.0,132900.0
West Bengal,NADIA,2014,Summer     ,98286.0,374824.0
West Bengal,NADIA,2014,Winter     ,94963.0,273137.0
West Bengal,PURULIA,2010,Autumn     ,122.0,35.0
West Bengal,PURULIA,2010,Summer     ,105.0,281.0
West Bengal,PURULIA,2010,Winter     ,152676.0,261435.0
West Bengal,PURULIA,2011,Autumn     ,200.0,245.0
West Bengal,PURULIA,2011,Summer     ,122.0,301.0
West Bengal,PURULIA,2011,Winter     ,270270.0,731799.0
West Bengal,PURULIA,2012,Autumn     ,123.0,308.0
West Bengal,PURULIA,2012,Summer     ,280.0,872.0
West Bengal,PURULIA,2012,Winter     ,288735.0,729553.0
West Bengal,PURULIA,2013,Autumn     ,92.0,128.0
West Bengal,PURULIA,2013,Summer     ,516.0,1274.0
West Bengal,PURULIA,2013,Winter     ,302274.0,730136.0
West Bengal,PURULIA,2014,Autumn     ,264.0,721.0
West Bengal,PURULIA,2014,Summer     ,306.0,801.0
West Bengal,PURULIA,2014,Winter     ,279151.0,597899.0
